{"key": "", "artist": "88GLAM", "sample_rate": 44100, "file_extension": "mp3", "description": "I'ma kiss my bitch goodbye  Right back all on that block, I scale it with my eyes  Dodgin' warrants made a nigga feel alive  What would I do to buy Rick Owens? No surprise  Hey, I was stretchin' like a jeweler   Can't measure up, my money dirty like my Ruger    Google me, ain't got no patience for the rumors      Don't play with fire, yeah that youngin' like a kuma   ", "keywords": "", "duration": 25.484100000000005, "bpm": "150", "genre": "", "title": "12", "name": "12_88GLAM_Verse 2", "instrument": "Vocals", "moods": []}