{"key": "", "artist": "Lil Uzi Vert", "sample_rate": 44100, "file_extension": "mp3", "description": "I met that girl right up at my show\nLeft her man in the crowd on the floor\nOut of town never saw her before\nTold her, \"Baby, we don't got that long\"\nListen, this not my city show\nBut, I treat it like my city show\n20 more minutes until I'm on, 20 more minutes until I'm on\n20 more minutes until I'm on, 20 more minutes until I'm on", "keywords": "", "duration": 20.10188, "bpm": "", "genre": "", "title": "20 Min", "name": "20 Min_Lil Uzi Vert_Chorus_1", "instrument": "Vocals", "moods": []}