{"key": "", "artist": "Fukkit", "sample_rate": 44100, "file_extension": "mp3", "description": "Check your status, check your partner, check your money\nThirty hundreds for a nugget, I'ma start a p-p-party, might jog in\nI don't got no partners fuck all your cousins\nI'm a baller blocker, ain't no discussion\nI'ma cut it, cut it just like an onion\nI'ma see you niggas, I see you bluffing\nOne and only, ain't no better than Fukkit\nBang with it, swang with it\nKurt Cobain chilling, bling\nDry junkie, blood monkey, burn your brain with it\nFuck you talking you got it, money shorter than a hobbit", "keywords": "", "duration": 28.11272, "bpm": "", "genre": "", "title": "30", "name": "30_Fukkit_Verse_1", "instrument": "Vocals", "moods": []}