{"key": "", "artist": "BashfortheWorld", "sample_rate": 44100, "file_extension": "mp3", "description": "  You don't know me, you knew me  That was three years ago, shawty this the new me  I'm sayin' when you first seen me in a hoopty      Now I whip a Benz with some braids and a Kufi    I'm sayin' but I can't even function 'less I chain smoke  Hopped out of the function, said his chain broke  And he think he flexing with same hoes  I get bitches by the bundles like it's Bang Bros   ", "keywords": "", "duration": 27.298979999999997, "bpm": "", "genre": "", "title": "50-0", "name": "50-0_BashfortheWorld_Chorus", "instrument": "Vocals", "moods": []}