{"key": "", "artist": "BashfortheWorld", "sample_rate": 44100, "file_extension": "mp3", "description": "I'm in the play no audition\nI done missed my exit cuz I'm mixing\nThese niggas never listen\nBroke and penny pinching\nShopping when you owe some guap boy these niggas trippin\nTalking when the OG talk that's some game you missing\nIf you never come up then yo ass ain't pay attention\nI'm sayin lil bitch cuz this beat go hard bitch\nAnd ima go harder together we the hardest", "keywords": "", "duration": 27.63868, "bpm": "", "genre": "", "title": "50-0", "name": "50-0_BashfortheWorld_Verse 1_1", "instrument": "Vocals", "moods": []}