{"key": "", "artist": "Lil Tecca", "sample_rate": 44100, "file_extension": "mp3", "description": "Yeah, not livin' enough   This blunt, I'm takin' a puff  Was startin' to feel like it's us  No trust, so do as you must , for real  Don't know when I stay out of town  I get dough when I stay out of town  Five hundred chops, I got five hundred rounds  Five hundred plots, I got five hundred pounds, yeah   ", "keywords": "", "duration": 16.642654999999998, "bpm": "", "genre": "", "title": "500lbs", "name": "500lbs_Lil Tecca_Chorus", "instrument": "Vocals", "moods": []}