{"key": "", "artist": "blackbear", "sample_rate": 44100, "file_extension": "mp3", "description": "But maybe I'm the worst, the worst you ver had  Tell you you're bautiful, then stab you in the back  You're prayin' I'm the one, but maybe I'm a curse  The more you try to fix me, the more you make it worse  Could you love me at my worst?   ", "keywords": "", "duration": 17.16836, "bpm": "137", "genre": "", "title": "@ my worst", "name": "@ my worst_blackbear_Chorus", "instrument": "Vocals", "moods": []}