{"key": "", "artist": "THE DRIVER ERA", "sample_rate": 44100, "file_extension": "mp3", "description": "Say, ooh, you changed, you're not the same  You're different than the way that I loved you  Oh, the way that I loved you  But honestly, it won't matter in a day or so  So why are you so precious about it?  So precious about it   ", "keywords": "", "duration": 22.648455000000002, "bpm": "", "genre": "", "title": "A Kiss", "name": "A Kiss_THE DRIVER ERA_Pre-Chorus", "instrument": "Vocals", "moods": []}