{"key": "", "artist": "Xavier Om\u00e4r", "sample_rate": 44100, "file_extension": "mp3", "description": "God has not given us the spirit of fear\nBut the spirit of love looking like it's not here\nI don't doubt your heart, I just know things change\nIt just leads to pain, I still bleed the same\nI still say I'm fine, but I leave my brain\nDon't wanna think no more, I can't defeat my shame\nDon't wanna play no more, I can't defeat this game\nBut that phone still rings, can't delete your name", "keywords": "", "duration": 31.02301999999999, "bpm": "124", "genre": "", "title": "Afraid", "name": "Afraid_Xavier Om\u00e4r_Verse 2_1", "instrument": "Vocals", "moods": []}