{"key": "", "artist": "Xavier Om\u00e4r", "sample_rate": 44100, "file_extension": "mp3", "description": "My stress up\nTook them pictures and I dressed up\nLooking blessed up\nYou need something and I got you\nI spot you\n'Til I see your love is not true\nIt's not true\nAnd I'm scared of what that feels like\nLooking stupid out in real life\nBaby I'm Afraid", "keywords": "", "duration": 27.349400000000003, "bpm": "124", "genre": "", "title": "Afraid", "name": "Afraid_Xavier Om\u00e4r_Verse 1_2", "instrument": "Vocals", "moods": []}