{"key": "", "artist": "Tay-K", "sample_rate": 44100, "file_extension": "mp3", "description": "1, 2, 3, call Blast for you,\nThe choppa stock detachable (nigga, whatchu wanna do?)\nYou want beef? Just ask dude,\nNumber nine on my chest, and my ass dude (gang)\nI tote the gat 'cause I have to,\nYou tote it 'cause it's fashionable (grahh, gang)\nTears in the water unpassable\n(Skirr), we pop out in the afternoon (skirr)", "keywords": "", "duration": 16.96681, "bpm": "", "genre": "", "title": "After You", "name": "After You_Tay-K_Verse_2", "instrument": "Vocals", "moods": []}