{"key": "", "artist": "Roy Blair", "sample_rate": 44100, "file_extension": "mp3", "description": "I don't like anything\nI was born with\nWhy do I exist?\nJust might hop right back in that bitch\nPeople say I'm no good\n'Cause I can't explain myself\nJust misunderstood, oh\nOk, I need some help\nI've been waiting for someone to come along and save me", "keywords": "", "duration": 20.79327, "bpm": "", "genre": "", "title": "Alex", "name": "Alex_Roy Blair_Verse 1_1", "instrument": "Vocals", "moods": []}