{"key": "", "artist": "JayDaYoungan", "sample_rate": 44100, "file_extension": "mp3", "description": "All day in the trap, I been schemin'\nRelapsed on the act, sometimes I still be leanin'\nIf I did you wrong before, know that I ain't mean it\nDon't tell you love me if you don't know the meanin'\nMind full of dollar signs, see them while I'm dreamin'\nShe looked at my neck, got wet soon as she seen it\nYour bitch on my dick, she like how my shit blingin'", "keywords": "", "duration": 21.59868, "bpm": "", "genre": "", "title": "All To Myself", "name": "All To Myself_JayDaYoungan_Verse_1", "instrument": "Vocals", "moods": []}