{"key": "", "artist": "JayDaYoungan", "sample_rate": 44100, "file_extension": "mp3", "description": "I don't call it shining, bitch, I call this all sheenin'\nI need to go and see a church, get away from all these demons\nThey been askin' me for pressure, so you know I gotta bring it\nHad to turn off all my phones, got tired of my shit ringin'\nStay clutchin' on that chrome, any moment I might squeeze it", "keywords": "", "duration": 16.624179999999992, "bpm": "", "genre": "", "title": "All To Myself", "name": "All To Myself_JayDaYoungan_Verse_2", "instrument": "Vocals", "moods": []}