{"key": "", "artist": "Brent Faiyaz", "sample_rate": 44100, "file_extension": "mp3", "description": "We both still young, so what's the rush?\nThe night is young and we not drunk enough\nYou come around if I don't do too much\nWe had our downs but we had way more ups\nLet's make love\nThat be the reason that you always hit me up\nI swear, you like the way I fuck 'cause I get rough", "keywords": "", "duration": 22.162440000000004, "bpm": "142", "genre": "", "title": "ALL MINE", "name": "ALL MINE_Brent Faiyaz_Verse 1_1", "instrument": "Vocals", "moods": []}