{"key": "", "artist": "Lil West", "sample_rate": 44100, "file_extension": "mp3", "description": "I'm fucked up on a low-low, I was dolo when I made it  If it fall off, I'ma log off, still falling for your bait  I'ma ball hard, I'm gon' show y'all I'm a all-star in the makings  Spend a duck wing, tryna save it  We was bros, but they outtraded    ", "keywords": "", "duration": 11.89036499999999, "bpm": "", "genre": "", "title": "All In", "name": "All In_Lil West_Pre-Chorus", "instrument": "Vocals", "moods": []}