{"key": "", "artist": "Kendrick Lamar", "sample_rate": 44100, "file_extension": "mp3", "description": "In the presence of your chico, ah!\nI don't talk about it, be about it, every day I sequel\nIf I got it then you know you got it, Heaven, I can reach you\nPat Dawg, Pat Dawg, Pat Dawg, my dog, that's all\nBick back and Chad, I trap the bag for y'all\nI rap, I black on track so rest assured", "keywords": "", "duration": 15.72986, "bpm": "110", "genre": "", "title": "Alright", "name": "Alright_Kendrick Lamar_Verse 2_2", "instrument": "Vocals", "moods": []}