{"key": "", "artist": "Bali Baby", "sample_rate": 44100, "file_extension": "mp3", "description": "I'm moving fast, just like a panther\nNot talking money? I cannot answer\nMaking money so you know they can't stand her\nShe moving dirty, like she a dancer\nMy lyrics breaded, like it's some cancer\nBe on alert, like your name Amber\nYour nigga broke, bitch raise up your standards\nShe hopping around, like she is a prancer", "keywords": "", "duration": 16.032655000000002, "bpm": "", "genre": "", "title": "Amber Alert", "name": "Amber Alert_Bali Baby_Chorus_1", "instrument": "Vocals", "moods": []}