{"key": "", "artist": "Nia Sultana", "sample_rate": 44100, "file_extension": "mp3", "description": "Every time I touch you, it feel good, don't it?\nYou think back wondering if it was good for me\nAnd your friends told you I'd be a good look for you\nYou can't force that (force that)\nI know you're used to getting your way, baby\nNow you mad your feelings feel wasted on, waiting on me\nOr just a little taken by surprise, someone not needing you\n(Yeah, yeah, yeah, yeah)", "keywords": "", "duration": 30.584179999999993, "bpm": "", "genre": "", "title": "Ambience", "name": "Ambience_Nia Sultana_Verse 2_1", "instrument": "Vocals", "moods": []}