{"key": "", "artist": "Nia Sultana", "sample_rate": 44100, "file_extension": "mp3", "description": "Look, I never meant to lead you on  It's just entertaining whn youre excited  Gav you one taste of the ambience  And now you cant replace it, it's nothing like it  That must be why you got it so bad  That must be why you keep coming back  That must be why you dont know how to act   ", "keywords": "", "duration": 22.989265000000007, "bpm": "", "genre": "", "title": "Ambience", "name": "Ambience_Nia Sultana_Chorus", "instrument": "Vocals", "moods": []}