{"key": "", "artist": "Highvyn", "sample_rate": 44100, "file_extension": "mp3", "description": "She an angel in disguise  She gon' love me 'til the day I die  Saw her falling from the skies  You can see it in her eyes, oh my  Take my heart and watch me bleed out slowly  Dancing in the dark whenever she feel lonely  Your laughter kills me softly  Won't you kill me softly?   ", "keywords": "", "duration": 24.75204, "bpm": "", "genre": "", "title": "angel", "name": "angel_Highvyn_Chorus", "instrument": "Vocals", "moods": []}