{"key": "", "artist": "SahBabii", "sample_rate": 44100, "file_extension": "mp3", "description": "  I got swords on my back , samurai attack      Ninjas with me, nigga, throwin' stars at these bitches       Eatin' ramen noodles in the hood with my ninjas     All these bitches wanna turn up 'cause I'm with my ninjas      I'm in Anime World , I got anime girls   Big tits on my bitches   Big eyes on my bitches   Big ass on my bitches       R.I.P. Nujabes       Eleven tails a Jinchuriki     I swear I'm speakin' Japanese    ", "keywords": "", "duration": 25.597910000000002, "bpm": "81", "genre": "", "title": "Anime World", "name": "Anime World_SahBabii_Chorus", "instrument": "Vocals", "moods": []}