{"key": "", "artist": "Orion Sun", "sample_rate": 44100, "file_extension": "mp3", "description": " \nI don't play the keys like Alicia \n \n \nBut I rock the boat like Aaliyah \n \nOf course, I'ma charge for a feature \nI don't even know ya \nAll this is musical theater \nWith all this drama in my life \nI don't need that \nYou could take that back \nOh, you could take that back ", "keywords": "", "duration": 23.10092499999999, "bpm": "82", "genre": "", "title": "Antidote", "name": "Antidote_Orion Sun_Verse 3", "instrument": "Vocals", "moods": []}