{"key": "", "artist": "Smoove'L", "sample_rate": 44100, "file_extension": "mp3", "description": "Oh, baby, lets, lets, fuck one more time  If your nigga keep runnin' you down  Put your phone on D.N.D and pay him no mind   And this bitch really listen to me  And its so sad, this ho out of line  But I'm with the fuckery  I like you touchin' me, just dont get close to my .9   And we met at New Apollos   And she fucked me for a ride   And I'm turnt in the spot, if he get to actin' stupid  I'ma get to shootin' watch his body drop    ", "keywords": "", "duration": 28.716460000000005, "bpm": "", "genre": "", "title": "Apollo", "name": "Apollo_Smoove'L_Chorus", "instrument": "Vocals", "moods": []}