{"key": "", "artist": "Doja Cat", "sample_rate": 44100, "file_extension": "mp3", "description": "Boohoo, my nigga, I ain't sad you won't fuck me\nI'm sad that you really thought yo' ass was above me\nYou're lucky 'cause I just paid your bill with a reply\nI just made your money pile knee-high\nI just made your stats peak, now you got a blue check\nNow you can afford to go and reinstall a new wig\nNow you can afford to not be lousy, go and do shit\nTalk your shit about me, I can easily disprove it, it's stupid", "keywords": "", "duration": 24.662089999999996, "bpm": "88", "genre": "", "title": "Attention", "name": "Attention_Doja Cat_Verse 1_2", "instrument": "Vocals", "moods": []}