{"key": "", "artist": "Shy Glizzy", "sample_rate": 44100, "file_extension": "mp3", "description": "Call up my driver, tell him scoop me in his Escalade\nNight Sunday, bet a thousand bucks on Tampa Bay (whee)\nGot a lot of spots like a motherfucking cheetah\nAll we do is trap, my OGs still got beepers (change)\nBad little kiddy, momma took my ass to jeepers (goddamn)", "keywords": "", "duration": 22.308020000000003, "bpm": "130", "genre": "", "title": "Awwsome", "name": "Awwsome_Shy Glizzy_Verse 1_2", "instrument": "Vocals", "moods": []}