{"key": "", "artist": "Cuban Doll", "sample_rate": 44100, "file_extension": "mp3", "description": "Hundred bands, times a hundred bands\nCan you get it?, ain't no running man\nKeep a hundred rounds, we gon' get him\nI ain't never gave a fuck about no bitch\n'Cause I'm bigger and I'm better\nKeep a Smith & Wesson, we can do whatever, ayy\nYou say you a boss, I know you a lame\nAnd that nigga ugly, what the fuck you saying?\nYou ain't getting money girl, you need a plan\nYou a broke bitch, always holding out your hand", "keywords": "", "duration": 21.822635000000002, "bpm": "", "genre": "", "title": "Bankrupt", "name": "Bankrupt_Cuban Doll_Verse 1_1", "instrument": "Vocals", "moods": []}