{"key": "", "artist": "BashfortheWorld", "sample_rate": 44100, "file_extension": "mp3", "description": "I got   Bimmer   coupes up in my dreams, so I'm gon' get it  I'm tryna live life vivid  I gotta switch my vision  These niggas pop that shit   but they aint that vicious     I gave you my heart   And you gave me your distance     I tried to show you love     But you ain't even show no interest   I'm geeked off these drugs, fucking these hoes, can't tell no difference   I'm tryna get my bread, we take   the cash   all the way to the distance    I gotta switch my image      ", "keywords": "", "duration": 25.798389999999998, "bpm": "", "genre": "", "title": "Bash Romo", "name": "Bash Romo_BashfortheWorld_Chorus", "instrument": "Vocals", "moods": []}