{"key": "", "artist": "ASTN", "sample_rate": 44100, "file_extension": "mp3", "description": "I got a new girl and she fine too  And she spicy just the way I like my Thai food  She so wavy like a typhoon  For a minute, I forgot all about you  'Til I saw you out with your new dude  Thought I would be cool but it's too soon  Lovin' him like you used to do me   ", "keywords": "", "duration": 20.474085, "bpm": "93", "genre": "", "title": "Be So Cruel", "name": "Be So Cruel_ASTN_Verse 1", "instrument": "Vocals", "moods": []}