{"key": "", "artist": "FRVRFRIDAY", "sample_rate": 44100, "file_extension": "mp3", "description": "I would put a tag on a lover, everything got a price, baby\nYou think that I'm the one, I'm the one\nGirl, I'll let you roll the dice, baby (yeah)\nKnock it out the park like Derek Jeter\nShe wanna be my Nina (she wanna be my Nina, oh)", "keywords": "", "duration": 20.15335, "bpm": "144", "genre": "", "title": "Before Friday", "name": "Before Friday_FRVRFRIDAY_Verse_1", "instrument": "Vocals", "moods": []}