{"key": "", "artist": "Lil Xan", "sample_rate": 44100, "file_extension": "mp3", "description": "How my enemy a friend of me?\nWhy y'all feed off of my energy?\nLike I ain't dead yet, higher entity\nForeign bitch that think she into me\nWhip the foreign very viciously\nWhy these dudes wanna take pics with me?\nShe said she gay, but still into me\nShe said she gay, still into me\nSaid she hate that I'm in the streets\nAnd I said I hate that I'm in the streets\nI wanna blow up and make history", "keywords": "", "duration": 24.086389999999998, "bpm": "", "genre": "", "title": "Betrayed", "name": "Betrayed_Lil Xan_Verse 1_2", "instrument": "Vocals", "moods": []}