{"key": "", "artist": "Vince Staples", "sample_rate": 44100, "file_extension": "mp3", "description": "It's funny I was going crazy not too long ago\nWomen problems every morning like the Maury show\nSwimming upstream while I'm tryna keep my bread\nFrom the sharks make me wanna put the hammer to my head\nAt the park politickin' with the kids\nTryna get 'em on a straight path, got the lames mad\nKnow they hate to see me make cash, got the space dash\nIn the foreign with the GPS addressed to your mama house\nCompensation conversations what I'm all about", "keywords": "", "duration": 21.592449999999996, "bpm": "100", "genre": "", "title": "Big Fish", "name": "Big Fish_Vince Staples_Verse 2_1", "instrument": "Vocals", "moods": []}