{"key": "", "artist": "Joyce Wrice", "sample_rate": 44100, "file_extension": "mp3", "description": "If it ain't one thing it's the next two  Relax yourself, don't need issues  There's a lot I know that you been through  Let it go and throw it to the side  I just wanna see, I just wanna see   You give it all to me, give it all to me   ", "keywords": "", "duration": 21.950440000000004, "bpm": "104", "genre": "", "title": "Bittersweet Goodbyes", "name": "Bittersweet Goodbyes_Joyce Wrice_Verse 2", "instrument": "Vocals", "moods": []}