{"key": "", "artist": "Rich Homie Quan", "sample_rate": 44100, "file_extension": "mp3", "description": "We running trains on these freak hoes\nAnd I told my nigga that I decoded\n\"Blah blah blah blah\"\nQuit going in on these niggas\nI won't stop stop stop stop\nKeep putting my money over these bitches\n'Til I'm at the top top top top\nAnd you niggas can't stop my vision\nDon't know what you thought thought thought thought\nAnd I ball ball ball ball", "keywords": "", "duration": 20.38232, "bpm": "134", "genre": "", "title": "Blah Blah Blah", "name": "Blah Blah Blah_Rich Homie Quan_Verse 1_2", "instrument": "Vocals", "moods": []}