{"key": "", "artist": "Jorja Smith", "sample_rate": 44100, "file_extension": "mp3", "description": "Tall black shadow as you're getting off the bus\nShadow shows no emotion so what's even the fuss?\nBut the face of your boy casts a darker picture\nOf the red handed act he's gonna whisper\nLook blud I'm sorry 'cause I know you got my back\nHe was running I couldn't think I had to get out of that\nNot long ago you were miming to the Shook Ones\nNow this really is part two 'cause you're the shook one", "keywords": "", "duration": 22.557065, "bpm": "92", "genre": "", "title": "Blue Lights", "name": "Blue Lights_Jorja Smith_Verse 3_1", "instrument": "Vocals", "moods": []}