{"key": "", "artist": "Jorja Smith", "sample_rate": 44100, "file_extension": "mp3", "description": "    Gun crime into your right ear    Drugs and violence into your left    Default white headphones flooding the auditory      Subconscious waves you accept      You're sitting on the 4 back home    \"Where you at, G? Answer your phone!\"  Paused the poison to answer his message  Your boy sounds rushed, fears for his adolescence   ", "keywords": "", "duration": 21.87386, "bpm": "92", "genre": "", "title": "Blue Lights", "name": "Blue Lights_Jorja Smith_Verse 2", "instrument": "Vocals", "moods": []}