{"key": "", "artist": "DaBaby", "sample_rate": 44100, "file_extension": "mp3", "description": "Oh, you asking for pictures with niggas? (Huh?)\nWhat's your name? Get the fuck out the spot, nigga (Get the fuck)\nTryna figure which deal I'ma take (Uh-huh)\nI woke up, couple mil' on my plate (Let's eat)\nI'm investing in real and estate (Uh-huh)\nI just went gave my mama a hundred (A hundred)\nProbably won't hear me open my mouth 'less you\nHearin' me talkin' 'bout finding some money (Let's go)\nAs soon as I found it, I flipped that (Flip)", "keywords": "", "duration": 18.153625, "bpm": "", "genre": "", "title": "BOP", "name": "BOP_DaBaby_Verse 1_1", "instrument": "Vocals", "moods": []}