{"key": "", "artist": "Big Sean", "sample_rate": 44100, "file_extension": "mp3", "description": "I kept it G, yeah, one thousand\nClique star studded like the Paramount mountain\nEverything I do is righteous\nBetting on me is the right risk\nEven in a fucking crisis\nI'm never on some switching sides shit\nI switch gears to the night shift\nBlacking out cause I'm enlightened\nGod talk to me in silence", "keywords": "", "duration": 18.257034999999995, "bpm": "82", "genre": "", "title": "Bounce Back", "name": "Bounce Back_Big Sean_Verse 1_2", "instrument": "Vocals", "moods": []}