{"key": "", "artist": "Flatbush Zombies", "sample_rate": 44100, "file_extension": "mp3", "description": "Young nigga but I'm still O.G.\nSupreme Team like 1993\nTriple 6 on my coffin, I dance with the devil\nCame back with a vengeance, Christ off the hinges\nI'm nice with the spit kid, twice as much vicious\nPsycho-active, I'm on a mission\nElectric Kool-Ade\nMake your decision\nYou want it, I get you\nThese niggas ain't right, they can't write they own shit\nBut they smile in your face, and they claim they the shit\nBut to me a disgrace\nTrying to keep steps ahead like we running a race", "keywords": "", "duration": 26.18036499999999, "bpm": "", "genre": "", "title": "Bounce", "name": "Bounce_Flatbush Zombies_Verse 2_2", "instrument": "Vocals", "moods": []}