{"key": "", "artist": "Kyle Dion", "sample_rate": 44100, "file_extension": "mp3", "description": "Grab my keys, you'll take the wheel\nI keep it cool (keep it cool)\nI get my cash from out your chest\nIt's safe with you\nOoh, I like it how you try to hold back\nBut that don't last long\nOh, we driving too fast right past all the milestones\nPulled up on my pressure treated driveway", "keywords": "", "duration": 31.115854999999996, "bpm": "72", "genre": "", "title": "Brown", "name": "Brown_Kyle Dion_Verse 2_1", "instrument": "Vocals", "moods": []}