{"key": "", "artist": "Ethan Low", "sample_rate": 44100, "file_extension": "mp3", "description": "She been , trying to move on   Still I'm waiting to get you all on your own  But I might just stay too long   Yeah, she finesse a shot of Patrn    Give a fuck about a boyfrien  d  Tryna make me feel like  Shawty, its been all my fault, yeah  Guess you gotta, uh    ", "keywords": "", "duration": 29.737070000000006, "bpm": "115", "genre": "", "title": "BUBBLY", "name": "BUBBLY_Ethan Low_Verse 2", "instrument": "Vocals", "moods": []}