{"key": "", "artist": "Maurice Moore", "sample_rate": 44100, "file_extension": "mp3", "description": "C'est la vie  Got dumped on the phone screen, c'est la vie  Not invited to the party, c'est la vie    Ain't get the job that I wanted, c'est la vie    My summer love ain't called me  I wear my heart on my sleeve for the world to see  Im only human, so please just pray for me    Cest la vie    C'est la vie  Yeah yeah yeah  C'est la vie   ", "keywords": "", "duration": 24.80907, "bpm": "83", "genre": "", "title": "C'est la vie", "name": "C'est la vie_Maurice Moore_Chorus", "instrument": "Vocals", "moods": []}