{"key": "", "artist": "Gunna", "sample_rate": 44100, "file_extension": "mp3", "description": "Uh, stones in my teeth, I don't talk for free\nI don't care to speak, I'ma be brief (I'ma be brief)\nGoyard the brief, I got a freak\nShe havin' C, who wanna see (who wanna see)\nHow many M's? (Many M's)\nSmokin' grams, I smoke out the P, she with a the P (Yeah)\nI'ma prevail, parasail, I float through the sea, yacht overseas\nCount up, then stack some more hundreds (more hundreds)", "keywords": "", "duration": 18.01224, "bpm": "120", "genre": "", "title": "ca$h $hit", "name": "ca$h $hit_Gunna_Verse 1_1", "instrument": "Vocals", "moods": []}