{"key": "", "artist": "88GLAM", "sample_rate": 44100, "file_extension": "mp3", "description": "Double cup gon' hold me up\nI pray that I don't spill\nChopper on my partner\nYou know he be trained to kill\nPull up to the club with 20 racks in dollar bills\nShe go down the pole\nGlamboy paying all her bills\nShe gone make some shake\nMoney she gone rake\nBalling like McGrady\nFinessing every play\nPull up to the Ace", "keywords": "", "duration": 22.504085, "bpm": "145", "genre": "", "title": "Cake", "name": "Cake_88GLAM_Verse 1_1", "instrument": "Vocals", "moods": []}