{"key": "", "artist": "Col3trane", "sample_rate": 44100, "file_extension": "mp3", "description": "No, it's just Californication  You don't wanna fall in love with me  I'm at the plate, I stacked the bases  Girl, I might have all the patience in the world  But, baby, I swear that, tonight  You could be the one to save me, be my China white  You stay right hre 'cause it feels right   ", "keywords": "", "duration": 15.303325000000001, "bpm": "115", "genre": "", "title": "Californication (Feels Like I'm Falling In Love)", "name": "Californication (Feels Like I'm Falling In Love)_Col3trane_Pre-Chorus", "instrument": "Vocals", "moods": []}