{"key": "", "artist": "11:11", "sample_rate": 44100, "file_extension": "mp3", "description": "You want these big hands on that big ass  Hit that bumper, baby, give you whiplash  I know your body, baby, I don't need a map  So bring it to the owner, baby, Dexta Daps  None of these niggas know your capabilities  'Cause you're such a lady when you in the streets  But the only time we meet is when you're in the sheets  'Cause you're a freak   ", "keywords": "", "duration": 24.51542, "bpm": "79", "genre": "", "title": "Call Me Daddy", "name": "Call Me Daddy_11:11_Verse 2", "instrument": "Vocals", "moods": []}