{"key": "", "artist": "redveil", "sample_rate": 44100, "file_extension": "mp3", "description": "They gravitatin' 'cause I got a knack  I'm up on they neck 'til I got me a plaque   We eatin' good, I run up a sack  I'm spendin' this shit 'cause I'm gettin' it back   Up off of generosity, I'm lit  Still hit up Brian to take me a flick  I still need it home grown  Nigga, I done been workin' for so long  Gotta kick brodie out, tryna prolong my dreams    Got my foot on the gas, see the high beams      Wu-Tang with the cheese, I need all the C.R.E.A.M    Customize fits, bro, these my seams  Changed my life when I looked at the fine things  All that gloomy shit ended, we shining   ", "keywords": "", "duration": 26.210099999999997, "bpm": "", "genre": "", "title": "Campbell", "name": "Campbell_redveil_Verse 2", "instrument": "Vocals", "moods": []}