{"key": "", "artist": "Lloyd", "sample_rate": 44100, "file_extension": "mp3", "description": "She drippin, drippin, drippin, drippin, drippin  Like a leaky faucet  Know she got me trippin, how she grip it  Damn it I done lost it    No more yola whippin, soda sippin, pimpin, trickin, flossin  Only mission is to find the right position for her body    Scottie Pippen, Michael Jordan  How she compliment my ballin  Jason Whitman tunnel vision  She gon catch it when I toss it  Met in ATL and I brought her to New Orleans    We go together well like we caramel and chocolate     ", "keywords": "", "duration": 28.93711499999999, "bpm": "136", "genre": "", "title": "Caramel", "name": "Caramel_Lloyd_Verse 2", "instrument": "Vocals", "moods": []}