{"key": "", "artist": "Lupe Fiasco", "sample_rate": 44100, "file_extension": "mp3", "description": "If my Genesis could sing, it'd be crowned the king\nOf R 'n' B, make me fall in love with the screen\nRNG got me shedding blood for the fling (fling)\nController-two get inside the plug for the team (team)\nNeed twice the help 'cause it's quite hard\nStick a knife into my life bar, save it at the right part", "keywords": "", "duration": 18.60714, "bpm": "", "genre": "", "title": "CHANNEL No3", "name": "CHANNEL No3_Lupe Fiasco_Verse 2_1", "instrument": "Vocals", "moods": []}