{"key": "", "artist": "clipping.", "sample_rate": 44100, "file_extension": "mp3", "description": "That second hand shit got to go\nHe be on that new-new, everybody know\nGucci to they FUBU, they fucking with a pro\nMoney to the ceiling, so it's Persian on the floor\nUsed to be shoes off, but it's never that\nSince he found the metal shavings waiting by the welcome mat\nEveryday stuck, keep the heater tucked (ayy)", "keywords": "", "duration": 19.24953, "bpm": "", "genre": "", "title": "Check the Lock", "name": "Check the Lock_clipping._Verse 3_2", "instrument": "Vocals", "moods": []}