{"key": "", "artist": "Earl Sweatshirt", "sample_rate": 44100, "file_extension": "mp3", "description": "Just to be the guys that did it like, \"I like attention\"\nNot the type where niggas trying to get a raise at my expense\nI'm supposed to be grateful, right?\nLike, \"Thanks so much,\" you made my life harder\nAnd the ties between my mom and I are strained and tightened\nEven more than they were before all of this shit", "keywords": "", "duration": 18.691580000000002, "bpm": "154", "genre": "", "title": "Chum", "name": "Chum_Earl Sweatshirt_Verse 2_2", "instrument": "Vocals", "moods": []}