{"key": "", "artist": "YNW Melly", "sample_rate": 44100, "file_extension": "mp3", "description": "I wanna amuse you, oh, let me use you\nAll for the good, not for the bad, I won't abuse you\nWon't say I need you, too scared to lose you\nPut down your pride, see through your eyes\nSomebody bruised you\nKnow what you been through, I wan' avenge you", "keywords": "", "duration": 17.436185, "bpm": "", "genre": "", "title": "City Girls", "name": "City Girls_YNW Melly_Verse 3_1", "instrument": "Vocals", "moods": []}