{"key": "", "artist": "Kenyon Dixon", "sample_rate": 44100, "file_extension": "mp3", "description": "Never miss a beat, on a winning streak  Every time, whenever we creep  Sneaky when we link, freaky side  You bring it to me, we keep it discreet, you and I  Never miss a beat, sneaky when we link, every time  Every time  Never miss a beat, sneaky when we link, every time  Yeah, yeah, yeah, yeah, yeah   ", "keywords": "", "duration": 28.059890000000014, "bpm": "", "genre": "", "title": "Closer", "name": "Closer_Kenyon Dixon_Bridge", "instrument": "Vocals", "moods": []}