{"key": "", "artist": "Denzel Curry", "sample_rate": 44100, "file_extension": "mp3", "description": "Know when it rains, it pours, they wanna go to war\nFor things that they can't afford, I gotta grab the sword, preach\nI gotta thank the lord\nI gotta go record (heat)\nI wanna be fly to soar\n'Cause niggas be trying to floor me\nPeople be thinkin' that I won the lottery", "keywords": "", "duration": 18.60447999999998, "bpm": "", "genre": "", "title": "CLOUT COBAIN | CLOUT CO13A1N", "name": "CLOUT COBAIN | CLOUT CO13A1N_Denzel Curry_Verse 2_1", "instrument": "Vocals", "moods": []}