{"key": "", "artist": "Lil Lonnie", "sample_rate": 44100, "file_extension": "mp3", "description": "Fuck a bitch, get some money\nI want them 20s and 100s\nRun up a check and keep thumbing\nAll of the hate don't accumulate nothing\nTurned nothing into something\nStaying consistent, the money keep coming\nI done been broke, and I ain't going back\nSo I'm chasing money from Monday to Sunday\nLil bitch say I need her\nHoe I'm here to please you\nFuck you thought lil bitch\nI'm chasing after monifa", "keywords": "", "duration": 22.72035, "bpm": "", "genre": "", "title": "Colors", "name": "Colors_Lil Lonnie_Verse 1_1", "instrument": "Vocals", "moods": []}