{"key": "", "artist": "Fridayy", "sample_rate": 44100, "file_extension": "mp3", "description": "I got some liquor in my system, baby, won't you come through   I'm back outside but I really want you  You know I got options, don't you make me have to choose  Come on, baby, show me what it do, ooh, ooh-ooh, ooh-ooh  Ooh-woah, oh-oh, oh-oh   ", "keywords": "", "duration": 27.34327, "bpm": "", "genre": "", "title": "Come Through", "name": "Come Through_Fridayy_Chorus", "instrument": "Vocals", "moods": []}