{"key": "", "artist": "Colette Lush", "sample_rate": 44100, "file_extension": "mp3", "description": "Sleeping at your place, but you're gettin' in my face, yeah\nPush me to the edge just to see how much I take, yeah\nSay I'm actin' soft but you coming off abrasive, uh\nAnd I don't wanna be the one that's always headin' in to break it off (break it off)\n'Cause that's the only time that you care about us (sheesh)\nEvery time we fuck we just makin' up (yuh, yuh)", "keywords": "", "duration": 22.376514999999998, "bpm": "", "genre": "", "title": "Cry", "name": "Cry_Colette Lush_Verse 2_1", "instrument": "Vocals", "moods": []}