{"key": "", "artist": "Tems", "sample_rate": 44100, "file_extension": "mp3", "description": "Back then when I was a new youngin  Surely you were tryna run on me  I've been, I've been going on my own  I've been, I've been doing things unknown  Since day one you running right back  Save the drama you running off track  Is a one life, you tell me one life  One time you tell me one chance   ", "keywords": "", "duration": 19.570685, "bpm": "128", "genre": "", "title": "Damages", "name": "Damages_Tems_Verse 1", "instrument": "Vocals", "moods": []}