{"key": "", "artist": "Greyson Chance", "sample_rate": 44100, "file_extension": "mp3", "description": "  I was yours for the weekend  Come sunrise, it's time for you to dodge your feelings    Call your girl to deny  We know is the truth  You were who you wanted to be  When you were there, you were there  You were dancing next to me   ", "keywords": "", "duration": 19.865830000000003, "bpm": "", "genre": "", "title": "Dancing Next To Me", "name": "Dancing Next To Me_Greyson Chance_Bridge", "instrument": "Vocals", "moods": []}