{"key": "", "artist": "Speaker Knockerz", "sample_rate": 44100, "file_extension": "mp3", "description": "Rich nigga bankroll\nJust a while ago I used to wear the same clothes\nI can see you f*ck niggas from all angles\nSkurt, skurt hold up pullup take yo main ho\nIt's me\nShe gone off the molly, I'm gone off the weed\nI do what I want and I do as I please\nAnd if you don't like it ho tell it to these\nIt's easy\nI make no mistakes when I count up the cake\nBut boy if I do man I swear it's okay", "keywords": "", "duration": 24.650830000000003, "bpm": "", "genre": "", "title": "Dap You Up", "name": "Dap You Up_Speaker Knockerz_Verse 1_1", "instrument": "Vocals", "moods": []}