{"key": "", "artist": "BashfortheWorld", "sample_rate": 44100, "file_extension": "mp3", "description": "Ay but it's a brand new year and ima kick shit like Tekken\nIf you ain't get hit on the first don't hit me on the second\nAy you ain't throw money in the purse from the last time that i reckon\nYoung nigga popping these percs so i been moving to reckless\nGive a fuck about love i done learned my lesson\nI'm off all these drugs so i really ain't stressing\nAnd before you start to pop yo pussy girl i gotta ask a couple questions", "keywords": "", "duration": 29.062345, "bpm": "", "genre": "", "title": "Darkest Before Dawn", "name": "Darkest Before Dawn_BashfortheWorld_Verse 2_1", "instrument": "Vocals", "moods": []}