{"key": "", "artist": "Kid Cudi", "sample_rate": 44100, "file_extension": "mp3", "description": "  Slow mo'  When the tempo slows up and creates that new, new      He seems alive though he is feeling blue      The sun is shining, man, he's super cool, cool      The lonely nights  They fade away, he slips into his white Nikes      He smokes a clip and then he's on the way      To free his mind in search of, to free his mind in search of  To free his mind in search of     ", "keywords": "", "duration": 28.52033, "bpm": "", "genre": "", "title": "Day 'N' Nite (nightmare)", "name": "Day 'N' Nite (nightmare)_Kid Cudi_Verse 3", "instrument": "Vocals", "moods": []}