{"key": "", "artist": "Lil Xan", "sample_rate": 44100, "file_extension": "mp3", "description": "Found myself in the dark place  Last girl made my heart ache  Now I'm tryna get my soul back   Why all y'all fake flex?  Mama told me never take shit  So, I never really take shit  I don't care what you rep, bro  Ex-bitch doing BangBros  Wow, I really shoulda kept her  Really shoulda kept your mouth closed  I've been runnin' out of ammo  Different state, little trap, woah  Every city with a bad ho     ", "keywords": "", "duration": 25.193270000000002, "bpm": "", "genre": "", "title": "Deceived", "name": "Deceived_Lil Xan_Verse 1", "instrument": "Vocals", "moods": []}