{"key": "", "artist": "Raury", "sample_rate": 44100, "file_extension": "mp3", "description": "So if you had to meet yourself, would you go do it a run?\n'Cause I could be MLK, I could be Juicy J\nOr a lame on Instagram that shows the world his AK\nFourty seven's the way, you can follow a stray\nAt the end of the day, at the end of the day you better (Run!)\nRun in some type of direction\n'Cause the people going nowhere are the ones that are flexing\nI'm not tryna be a preacher, I was never a reverend\nBut I can take your ass to church", "keywords": "", "duration": 22.164234999999987, "bpm": "", "genre": "", "title": "Devil's Whisper", "name": "Devil's Whisper_Raury_Verse 2_2", "instrument": "Vocals", "moods": []}