{"key": "", "artist": "Ella Mai", "sample_rate": 44100, "file_extension": "mp3", "description": "If you really care for me  Just make sure you're there for me  Feel I'm fallin' in too deep  That's okay, just rescue me  Let me know what you want from me  Open up, let me in and see, boy  Yeah, I know where I wanna be   Just wanna know what your lovin' means, oh   ", "keywords": "", "duration": 28.070705, "bpm": "137", "genre": "", "title": "DFMU", "name": "DFMU_Ella Mai_Bridge", "instrument": "Vocals", "moods": []}