{"key": "", "artist": "Pusha T", "sample_rate": 44100, "file_extension": "mp3", "description": "  Imaginary players ain't been coached right  Master recipes under stove lights    The number on this jersey is the quote price    You ordered Diet Coke, that's a joke, right?      All you niggas get it off the boat, right?  But only I can really have a snow fight    Detroit nigga challenge, what's your dope like?  If your Benz bigger, step it up to Ghost life   ", "keywords": "", "duration": 24.114055000000008, "bpm": "164", "genre": "", "title": "Diet Coke", "name": "Diet Coke_Pusha T_Chorus", "instrument": "Vocals", "moods": []}