{"key": "", "artist": "Orion Sun", "sample_rate": 44100, "file_extension": "mp3", "description": "When the lights go down \nThat's when the demons come out \nIt's a long way back and time running out \nI said the lights go down \nThat's when the demons come out \nIt's a long way back and time running out \nBut you could leave with me now \nWe could both leave this town \nYou could leave with me now \nWe could both leave this town ", "keywords": "", "duration": 25.612880000000004, "bpm": "114", "genre": "", "title": "dirty dancer", "name": "dirty dancer_Orion Sun_Verse 3", "instrument": "Vocals", "moods": []}