{"key": "", "artist": "Chloe x Halle", "sample_rate": 44100, "file_extension": "mp3", "description": "Yeah, I beat my face  Movin' fast 'cause the Uber on the way  Takin' pictures, makesureyou can't seeno lace  That wig secure like themoney in a safe  I look like bae  Now I'm on the way  Let you know when I'm 'bout a mile away  When I'm outside, please don't make me wait  The party startin' when we pull up to the gate  Girl, we so late   ", "keywords": "", "duration": 23.684335, "bpm": "83", "genre": "", "title": "Do It", "name": "Do It_Chloe x Halle_Verse 1", "instrument": "Vocals", "moods": []}