{"key": "", "artist": "Frankie J", "sample_rate": 44100, "file_extension": "mp3", "description": "You and I had many conversations on the telephone  Talks about one day we having a place of our own  Wake up in the morning and have breakfast ready on the table  But all of that just seems so far away from me  Had to wake up, face reality  It all just seem too good to be true after all you put me through   ", "keywords": "", "duration": 29.760024999999995, "bpm": "", "genre": "", "title": "Don't Wanna Try", "name": "Don't Wanna Try_Frankie J_Verse 2", "instrument": "Vocals", "moods": []}