{"key": "", "artist": "Bizzy Banks", "sample_rate": 44100, "file_extension": "mp3", "description": "Get money, thats motivation \nDemon he with me, he ready for altercations \nAnd I got the situation \nWe shootin off rip, dont got time for no hesitations \nAnd I aint in conversations \nYou aint in my circle, you outta place \nTold that bitch I need brain, I cant concentrate \nGot some shooters from Jersey that's outta state, like \nLook \n \nCall Choppa a U-Haul \nCause that nigga movin \n \n \nI aint no metro but my niggas boomin \n \nRooga in that cut, you know he be boolin like \nLook \n \nIon Choo, ion Woo neither \n \nNiggas know my salute it aint grabbin my shoe either \nNigga I spit ether \nIf a nigga run up he gon see him a few heaters \nNigga I spit ether \nIf a nigga run up he gon see him a few heaters ", "keywords": "", "duration": 29.28838500000001, "bpm": "", "genre": "", "title": "Don't Start", "name": "Don't Start_Bizzy Banks_Verse 2", "instrument": "Vocals", "moods": []}