{"key": "", "artist": "Bryce Vine", "sample_rate": 44100, "file_extension": "mp3", "description": "I wanna make  Every single moment for you great    Fly away to Cairo or LA    Girl, I want it now, don't wanna waste time, waste time  I wanna make, yeah  Every single moment for you great, yeah    Fly away to Cairo or LA    Girl, I want it now, don't wanna waste time   ", "keywords": "", "duration": 25.07672999999998, "bpm": "152", "genre": "", "title": "Drew Barrymore", "name": "Drew Barrymore_Bryce Vine_Bridge", "instrument": "Vocals", "moods": []}