{"key": "", "artist": "$NOT", "sample_rate": 44100, "file_extension": "mp3", "description": "Five percent windows, so they can't see me (shh)\nNiggas waste my time, so life ain't got no meanin' (fuck)\nFuck 'em, I don't need 'em\nI bleed 'em, I'm always on the deep end (yeah)\nNigga, how you feel? tell me how you feel\nHow you feel, how you feel? (right)", "keywords": "", "duration": 17.855705, "bpm": "", "genre": "", "title": "Easter Pink", "name": "Easter Pink_$NOT_Verse 2_2", "instrument": "Vocals", "moods": []}