{"key": "", "artist": "Lancey Foux", "sample_rate": 44100, "file_extension": "mp3", "description": "I've been playin'with fire, it's up  And I go through the heat untouched  I been wishin' my opps good luck   They been wishin I drop, good luck     I been smokin these Vlone Runtz   I been higher than Elon Musk    Got a baddie, she need my love  And she loyal to the soil and dust   ", "keywords": "", "duration": 13.4079, "bpm": "78", "genre": "", "title": "ELON MUSK", "name": "ELON MUSK_Lancey Foux_Chorus", "instrument": "Vocals", "moods": []}