{"key": "", "artist": "Major Nine", "sample_rate": 44100, "file_extension": "mp3", "description": "Errybody wanna be the man  Errybody want a hundred-grand  Wanna ride in the Benz, fuck bitches, get money, thats the trend  Till the feds hit the door and that nigga on that stand with ya mans  Errybody wanna have drow  Errybody wanna get fresh, wanna fuck all these hoes  Till somebody let 'em know  That that bitch got that thang when she went up the road   ", "keywords": "", "duration": 22.88, "bpm": "", "genre": "", "title": "ErrBody", "name": "ErrBody_Major Nine_Chorus", "instrument": "Vocals", "moods": []}