{"key": "", "artist": "Lil Pump", "sample_rate": 44100, "file_extension": "mp3", "description": "Pull up to the crib like, \"What up, bitch?\"     Got a penthouse sittin' on my wrist       And my grandma sippin' on Actavis       Got a lot of ice, and I'm cold as shit    And these bitches love to talk a lot     Pull out the Porsche out the car garage   And I ain't never had a job       I'm high as fuck, took a trip to Mars     Ice on ice on ice   Took a private jet to Dubai   Bitch, you better buy your own flight  Bust down smack with no light   And she show titties on Skype, yeah   Smoke quarter pound to the face, esskeetit  Everything that you done did, I done did it    Pockets on swole like it's 24 Fitness     800 bands just layin' in the kitchen    ", "keywords": "", "duration": 28.54085, "bpm": "", "genre": "", "title": "Esskeetit", "name": "Esskeetit_Lil Pump_Verse 1", "instrument": "Vocals", "moods": []}