{"key": "", "artist": "Chief Keef", "sample_rate": 44100, "file_extension": "mp3", "description": "  I'm a gorilla in a fuckin' coupe, finna pull up to the zoo, nigga    Who, nigga? Who the fuck is you? I don't know, nigga  No, nigga, pull up on your block, we gon' blow, nigga  Go, nigga, run, nigga, run for the po', nigga     Gas what I smoke, nigga     Feds at my door, jump out the window, nigga   No, you can't get no money, silly ho     I just hit a stain, faneto      ", "keywords": "", "duration": 27.372435, "bpm": "", "genre": "", "title": "Faneto", "name": "Faneto_Chief Keef_Chorus", "instrument": "Vocals", "moods": []}