{"key": "", "artist": "Lil Xan", "sample_rate": 44100, "file_extension": "mp3", "description": "  Poppin' a bean, ooh, yeah      I lost my spleen, ooh, yeah      You ever been so fucked up?   Damn    I lost all my friends, they broke trust, yo, yeah, yo, yeah      Never saw myself up in the limelight    Switched up, took flight on a hater    Crashed the whip, I'll see you later      My whip red, it stay Darth Vader      I been telling all y'all this  So y'all gon' act like I'm not big  Like how the fuck I get this far?  Or how the fuck I drive this car?     ", "keywords": "", "duration": 29.97839, "bpm": "", "genre": "", "title": "Far", "name": "Far_Lil Xan_Chorus", "instrument": "Vocals", "moods": []}