{"key": "", "artist": "Derez De\u2019Shon", "sample_rate": 44100, "file_extension": "mp3", "description": "  How you expect me not to eat you  When I was starving you ain't feed me  And now a nigga fed up, yeah      Got two kids and plus I'm broke  We been sleepin' on the floor  And all you say is keep your head up    I'm fed up   I'm fed up, fed up, yeah   Fed up, fed up  Selling dope outside my door until the feds come   ", "keywords": "", "duration": 26.49839, "bpm": "", "genre": "", "title": "Fed Up", "name": "Fed Up_Derez De\u2019Shon_Chorus", "instrument": "Vocals", "moods": []}