{"key": "", "artist": "JayDaYoungan", "sample_rate": 44100, "file_extension": "mp3", "description": "Tryna start me a riot   Can't fit in my pocket, but it's right here on side me   Shoutout all his bodies, tryna catch him a body   Try me, he gon' slide, and no, he don't need a Molly   Drop 'em, we get high, we gon' throw us a party   ", "keywords": "", "duration": 14.47929, "bpm": "", "genre": "", "title": "Feeling Inside", "name": "Feeling Inside_JayDaYoungan_Verse 2", "instrument": "Vocals", "moods": []}