{"key": "", "artist": "Global Dan", "sample_rate": 44100, "file_extension": "mp3", "description": "Smoking by myself, I'm a stoner\nI be on my own like a loner\nYou say you're cold hearted, my wrist colder\nShe think she know me so I f*ck her like I know her\nI'm under pressure but I brush it off my shoulder\nShe said she love me, I don't want you what I told her", "keywords": "", "duration": 18.483699999999995, "bpm": "", "genre": "", "title": "For A Reason", "name": "For A Reason_Global Dan_Verse 2_1", "instrument": "Vocals", "moods": []}