{"key": "", "artist": "Speaker Knockerz", "sample_rate": 44100, "file_extension": "mp3", "description": "Gone and scrub the ground yeah, make it bounce yeah  Make that clapping sound yeah, right now yeah  Shawty you so mean yeah, twerk team yeah  I'mma throw this green yeah, on the scene yeah  Can you make it shake yeah, earthquake yeah  Let them bitches hate yeah, get your cake yeah  I can change your life yeah, one night yeah  I promise I don't bite yeah, fuck you right yeah   ", "keywords": "", "duration": 22.28338000000002, "bpm": "", "genre": "", "title": "Freak Hoe", "name": "Freak Hoe_Speaker Knockerz_Verse 2", "instrument": "Vocals", "moods": []}