{"key": "", "artist": "Ugly God", "sample_rate": 44100, "file_extension": "mp3", "description": "  Fuck Ugly God, Ugly God a hoe    Flexing like you got it, bitch, I know your ass is broke  Your networth say you got a million, but your ass don't    You a one hit wonder, bitch, your whole career a joke      Back in 10th grade, your coach kicked you off the team      Every single day, you wear them same pair of jeans  Them same black pants, bitch, you know which ones I mean      Four years ago, you got jumped on Halloween     ", "keywords": "", "duration": 29.504530000000003, "bpm": "", "genre": "", "title": "Fuck Ugly God", "name": "Fuck Ugly God_Ugly God_Verse 1", "instrument": "Vocals", "moods": []}