{"key": "", "artist": "Trevor Jackson", "sample_rate": 44100, "file_extension": "mp3", "description": "'Cause I only do this shit to get to you, ooh-ooh, ooh, oh-oh, ah-ah\nYou, ooh-ooh, ooh\nOnly do this shit to get to you, ooh-ooh, ooh, oh-oh, ah-ah\nIs it working? 'Cause, baby, I'm hurting\nI'ma be honest, I got some bad intentions", "keywords": "", "duration": 19.15085, "bpm": "", "genre": "", "title": "Get To You", "name": "Get To You_Trevor Jackson_Chorus_1", "instrument": "Vocals", "moods": []}