{"key": "", "artist": "Roy Woods", "sample_rate": 44100, "file_extension": "mp3", "description": "You're with me right now, baby, let's go further\n'Cause I'm gonna get you good\nYou don't fuck with niggas in your hood\nSouthside nigga and the name is Roy\nEx-girlfriend knows I've been up there\nEverybody hear, don't know what it is", "keywords": "", "duration": 21.2649, "bpm": "86", "genre": "", "title": "Get You Good", "name": "Get You Good_Roy Woods_Verse 1_2", "instrument": "Vocals", "moods": []}