{"key": "", "artist": "Rod Wave", "sample_rate": 44100, "file_extension": "mp3", "description": "Devil in a dress, angel in some Nike Airs\nI could've sworn I went to sleep, and she was right here\nDon't know if I seen her in my dreams or my nightmares\nThink it was my nightmares\nAnd I think I need your love, I don't need no one selfish\nWonder if I give this girl my heart, could she help it?\nAnd you know she's an angel if you let her tell it", "keywords": "", "duration": 23.152720000000002, "bpm": "", "genre": "", "title": "Girl Of My Dreams", "name": "Girl Of My Dreams_Rod Wave_Verse_1", "instrument": "Vocals", "moods": []}