{"key": "", "artist": "Tone Stith", "sample_rate": 44100, "file_extension": "mp3", "description": "Thought we had planned on you taking my last name\nSaid you would leave me before and you would do me bad\nBitch, you did me dirty and ain't cover up her tracks\nIt's okay, 'cause I still know I'm that nigga (yeah)\nCan't go like that, but I wish I never met you at all", "keywords": "", "duration": 20.25706, "bpm": "122", "genre": "", "title": "Girls Like You", "name": "Girls Like You_Tone Stith_Verse 2_1", "instrument": "Vocals", "moods": []}