{"key": "", "artist": "Yungeen Ace", "sample_rate": 44100, "file_extension": "mp3", "description": "How long I've been all on my own? (All own)\nLights off and nobody is home (nobody)\nNeeded help, nobody answered their phone, yeah\nNobody there when everything goin' wrong, yeah\nIn the trap, everything Snow White (Snow White)\nI'ma be in this bitch all night (all night)\nAt the plug and then boarded a flight (yeah)\nCount money, been countin' all night\nI was locked in hell with the devil, ain't nobody come and see (ain't nobody)", "keywords": "", "duration": 20.668580000000002, "bpm": "", "genre": "", "title": "Giving Up", "name": "Giving Up_Yungeen Ace_Verse 2_1", "instrument": "Vocals", "moods": []}