{"key": "", "artist": "Alex Aiono", "sample_rate": 44100, "file_extension": "mp3", "description": "Yeah, throw on a shirt  The same old jeans  I swear my vans  They're never clean  But I'm feeling new  'Cause it's a good morning    Look, it might be the day  Where nothing's right  Might be the day  That changes my whole life  You never know  They both start with good morning    No-oh   ", "keywords": "", "duration": 22.55714, "bpm": "", "genre": "", "title": "Good Morning", "name": "Good Morning_Alex Aiono_Verse 2", "instrument": "Vocals", "moods": []}