{"key": "", "artist": "Danny Brown", "sample_rate": 44100, "file_extension": "mp3", "description": "Whoever I thought I'd be the greatest growing up?\n\u266a\nI can eat opponents get sixty four quarters\nBurn up fire and drown drops of water\nSon, I told you I got beans like Goya\nGone off them pills got me jumping off the sofa\nHotter than a Hot Pocket out the double microwave\nModel bitches begging just be a nigga's sex slave", "keywords": "", "duration": 30.557840000000002, "bpm": "", "genre": "", "title": "Grown Up", "name": "Grown Up_Danny Brown_Verse 2_1", "instrument": "Vocals", "moods": []}