{"key": "", "artist": "Father", "sample_rate": 44100, "file_extension": "mp3", "description": "Scamming bitches on computers\nFuture in my hands\nPopped a vyvanse, blew five bands\nHang time, gang signs\nUse you're hands, fusion dance\nStay in school\nSo tinted\nOprah Winfrey, we ain't cool\nSoda whips is bullet proof\nGetting throat in a jeep\nA nigga ran off the streets\nSay they got evidence on me", "keywords": "", "duration": 19.116220000000002, "bpm": "", "genre": "", "title": "Heartthrob", "name": "Heartthrob_Father_Verse 2_2", "instrument": "Vocals", "moods": []}