{"key": "", "artist": "Kid Ink", "sample_rate": 44100, "file_extension": "mp3", "description": "Yo, can you feel the heat\nThe block is hot as ever\nIn these city streets\nYou only get one shot\nKeep your arm steady\nThey tried to make me wait\nBut I'm more than ready\nTo go and get my, grind like an inline\nSkater check your wrist watch you'll see that\nThis time it's my time\nAnd I don't need no invite\nTo the party, got roll over minutes and\nFeels like my calling, uh\nI'm just doing what I can", "keywords": "", "duration": 30.54908499999999, "bpm": "134", "genre": "", "title": "Hell & Back", "name": "Hell & Back_Kid Ink_Verse 2_1", "instrument": "Vocals", "moods": []}