{"key": "", "artist": "The Underachievers", "sample_rate": 44100, "file_extension": "mp3", "description": "G, I'm a legend my G  Reefer blowin', sour diesel potent    Got my 3 eyes open, Pineal gland is swollen  Astral Planes I'm floatin'  , Goddammit, I'm free  I be God, please you are not in my league    Got the spirit of asata   honor I be gavel free    Battle scars in my bars, red star, I'm elite    UA, elevate, feel the mark of the beast   ", "keywords": "", "duration": 14.443959999999999, "bpm": "", "genre": "", "title": "Herb Shuttles", "name": "Herb Shuttles_The Underachievers_Verse 4", "instrument": "Vocals", "moods": []}