{"key": "", "artist": "Pink Sweat$", "sample_rate": 44100, "file_extension": "mp3", "description": "  She said, \"What if I dive deep?  Will you come in after me?  Would you share your flaws with me? Let me know.\"  I told her, \"Thinking is all wrong  Love will happen when it wants  I know it hurts sometimes, but don't let it go.\"     ", "keywords": "", "duration": 24.479985, "bpm": "80", "genre": "", "title": "Honesty", "name": "Honesty_Pink Sweat$_Pre-Chorus", "instrument": "Vocals", "moods": []}