{"key": "", "artist": "Buddy", "sample_rate": 44100, "file_extension": "mp3", "description": "Makin' sure my next hoe better than my last hoe\nBitch in the hoovers, I don't wanna lose her\nEvery time she suck my dick she doin' too much\nIf I ever lose one, bounce back with two, 'cause\n(Bitches ain't shit but hoes and tricks) ayy", "keywords": "", "duration": 17.242774999999995, "bpm": "94", "genre": "", "title": "Hoochie Mama", "name": "Hoochie Mama_Buddy_Verse 2_2", "instrument": "Vocals", "moods": []}