{"key": "", "artist": "blackbear", "sample_rate": 44100, "file_extension": "mp3", "description": "This that hot girl bummer two-step    They can't box me in, I'm too left      This that drip, it's more like oceans      They can't fit me in a Trojan      Out of pocket, but I'm always in my bag    Yeah, that's the slogan  This that, \"Who's all there?\"    I'm pullin' up wit' a emo chick that's broken     ", "keywords": "", "duration": 15.445789999999993, "bpm": "130", "genre": "", "title": "hot girl bummer", "name": "hot girl bummer_blackbear_Verse 2", "instrument": "Vocals", "moods": []}