{"key": "", "artist": "SmoovLee", "sample_rate": 44100, "file_extension": "mp3", "description": "Wait did I really say that? I must be intoxicated\nOh shit the time it's 5 A.M, my mind barely awake and\nYet I'm here talking to you, tired but wouldn't change shit\nSuddenly temporary turned into temptations\nLike where did I go wrong?", "keywords": "", "duration": 19.49327, "bpm": "", "genre": "", "title": "i can't say bye no more", "name": "i can't say bye no more_SmoovLee_Chorus_1", "instrument": "Vocals", "moods": []}