{"key": "", "artist": "Roy Blair", "sample_rate": 44100, "file_extension": "mp3", "description": "I want to move to Tokyo, London, anywhere but LA (Yeah)\nNever felt like home, I get more jaded by the day (wait)\nBy the fuckin' phone in if I had in my own way\nIt be some bridges left on fire\nThe next door got barbwire\nAnd next time I'll get more high (Karat, karat)\nI'ma be who the fuck I want", "keywords": "", "duration": 17.783699999999996, "bpm": "", "genre": "", "title": "I DONT KNOW ABOUT HIM", "name": "I DONT KNOW ABOUT HIM_Roy Blair_Verse 2_1", "instrument": "Vocals", "moods": []}