{"key": "", "artist": "SAINt JHN", "sample_rate": 44100, "file_extension": "mp3", "description": "  I heard you got too litt last night  Didn't make it home  Mixin' purple with your purple sprite  Things you should've known  I heard you saucin' on 'em yeah  You said you sick of love  But fuck it baby, no regrets  And never switch it up     ", "keywords": "", "duration": 27.740410000000004, "bpm": "135", "genre": "", "title": "I Heard You Got Too Litt Last Night", "name": "I Heard You Got Too Litt Last Night_SAINt JHN_Chorus", "instrument": "Vocals", "moods": []}