{"key": "", "artist": "SOFIA ISELLA", "sample_rate": 44100, "file_extension": "mp3", "description": "They ask us, \"how to feel to be god's favourite  I say, \"we don't know, we've never known different\"  I'm seeing red, I'm seeing blood, I'm seeing visions  I'm seeing something not too far from the distance  And the babies are dressed up in a big, big man suit  Happy, happy people  Happy to ignore the issue  And I know you don't want to hear it  I know you don't want to know  So don't worry about it  All our names will be in the vote   ", "keywords": "", "duration": 27.05417999999999, "bpm": "", "genre": "", "title": "I Looked the Future in the Eyes, It's Mine", "name": "I Looked the Future in the Eyes, It's Mine_SOFIA ISELLA_Verse 2", "instrument": "Vocals", "moods": []}