{"key": "", "artist": "Keyshia Cole", "sample_rate": 44100, "file_extension": "mp3", "description": "You say I was out with somebody else  When my girl told me she saw you with some girl   But I didn't  Accuse you of something that I didn't see myself   Realize that I would never do anything to disrespect you  Trust me, you gotta stop accusing me   ", "keywords": "", "duration": 28.473459999999992, "bpm": "87", "genre": "", "title": "I Should Have Cheated", "name": "I Should Have Cheated_Keyshia Cole_Verse 2", "instrument": "Vocals", "moods": []}