{"key": "", "artist": "Montana of 300", "sample_rate": 44100, "file_extension": "mp3", "description": "Bitch I think I'm Nino mixed with Al Pacino stacking chips like Pringles\nI ball like Ochocinco, ice man Dean Malenko, my wrist look like sprinkles\nIron in my pants like I'm getting out the wrinkles\nTake a nigga out and I ain't talking 'bout a date\nCook a nigga like a steak and fix his niggas like a plate\nLike a pussy you get popped, send your ass to heaven's gates\nGot the police on your block, decorate with yellow tape (go to church)\nOkay fuckboy you softer than nerf, I'm lurking all through your turf", "keywords": "", "duration": 34.27583, "bpm": "", "genre": "", "title": "Ice Cream Truck", "name": "Ice Cream Truck_Montana of 300_Verse 2_1", "instrument": "Vocals", "moods": []}