{"key": "", "artist": "K CAMP", "sample_rate": 44100, "file_extension": "mp3", "description": "Bright lights, pose for the Canon\nFly shit, I am not landin' (oh)\nGot the big head like cannon\nJumpin' out the gym like Shannon\nAss out while she tannin'\nI love the way that you standin' (standin')\nDeep in this bit, like the Canyon\nNigga pulled off in a Cayenne\nShoot for your love, I'm tryin'", "keywords": "", "duration": 18.018545, "bpm": "118", "genre": "", "title": "Ice Cold", "name": "Ice Cold_K CAMP_Verse 2_1", "instrument": "Vocals", "moods": []}