{"key": "", "artist": "Father", "sample_rate": 44100, "file_extension": "mp3", "description": "Uh yeah, ayy, let it snow  Look at them birds, they shiverin'  Ice cold, Draco like a Slytherin  Sellin' dope to your children, big boulders  Furs over my shoulders, yeah  Your bitch tryna come over here  Rap game easy but the dope do numbers  I done did a lot of evil, nightmares wake me out my slumber  But I still won't quit 'cause I love seein' niggas hatin'  Yeah, your boy so froze, I hit the streets and start ice skatin', yeah   ", "keywords": "", "duration": 28.65858, "bpm": "", "genre": "", "title": "ICEMAN", "name": "ICEMAN_Father_Verse 2", "instrument": "Vocals", "moods": []}