{"key": "", "artist": "Brent Faiyaz", "sample_rate": 44100, "file_extension": "mp3", "description": "  My new bitch look like Halle Berry      But she don't love me, she too scary      My old bitch fine like Jackie Brown    I don't wanna love her, she too down    Will you be my leading lady?      I want a contract, girl no maybe    In the meantime   Get some me-time    ", "keywords": "", "duration": 27.84346, "bpm": "138", "genre": "", "title": "JACKIE BROWN", "name": "JACKIE BROWN_Brent Faiyaz_Verse 1", "instrument": "Vocals", "moods": []}