{"key": "", "artist": "Famous Dex", "sample_rate": 44100, "file_extension": "mp3", "description": "Baby girl, what you doin', what's your name?   I ain't playin' no games, see these diamonds in my chain?   Smokin' Mary Jane, yeah, I took it to the brain  And she fuckin' for the fame, so I fuck her in my Range, ooh   Get that money to the top, never stop, ooh     Mixin' red with Wock, used to sell that boy rerock, ooh       But I'm the man , Cuban diamonds dance, huh    Had to fuck her friend, I might put it on the 'Gram   ", "keywords": "", "duration": 22.130670000000006, "bpm": "176", "genre": "", "title": "JAPAN", "name": "JAPAN_Famous Dex_Verse 1", "instrument": "Vocals", "moods": []}