{"key": "", "artist": "Young Scooter", "sample_rate": 44100, "file_extension": "mp3", "description": "I'm a real nigga\nLick hitter, bitch getter\nQuick flipper\nPot whipper, dope dealer\nFly nigga\nIf I pop I'ma ride nigga\nGoyard\nA hundred racks inside nigga\nYou a fuck nigga\nI could get you touched nigga\nI be in your hood\nSo I know what's up with you\nYou a worker nigga", "keywords": "", "duration": 25.031174999999994, "bpm": "", "genre": "", "title": "Jugg King", "name": "Jugg King_Young Scooter_Verse 1_1", "instrument": "Vocals", "moods": []}