{"key": "", "artist": "Mike G", "sample_rate": 44100, "file_extension": "mp3", "description": "I'm a motherfuckin' king, I'm a motherfuckin' monster\nReadin' books on murder? I'm the motherfuckin' author\nTell you where we finna go, welcome to my Creep Show\nStay out my Secret Garden, I got a Wolf named Cujo\nThat's guardin' it, I'm experienced you need a starter kit\nLong walk, Short Pier, Roadwork there's no clear\nNo air, heard your daughter's missin' they can't find that bitch\nNowhere, nowhere, still lack is no fear\nNo heart in my chest cause I was born without", "keywords": "", "duration": 30.88281, "bpm": "", "genre": "", "title": "King", "name": "King_Mike G_Verse 2_1", "instrument": "Vocals", "moods": []}