{"key": "", "artist": "SOB X RBE", "sample_rate": 44100, "file_extension": "mp3", "description": "Speaking down on a nigga you a hoe nigga (You a bitch)\nWhy you lying, actin' like you toting poles nigga (You ain't)\nCatch you lacking, guarantee it's a scope nigga (Boom Boom)\nTalking all that cash shit but you broke nigga (You Broke)\nWatch we send Fox out to some fuck niggas (You a bitch)\nWhats the sound when them hollows get to busting? (Boom Boom)\nSome nigga's getting bands and some others is bitching\nAll you hear his body drop and them the cups click\nSOB the gang, all my niggas with the shit", "keywords": "", "duration": 20.341174999999996, "bpm": "", "genre": "", "title": "Lane Changing", "name": "Lane Changing_SOB X RBE_Verse 2_1", "instrument": "Vocals", "moods": []}