{"key": "", "artist": "Dbangz", "sample_rate": 44100, "file_extension": "mp3", "description": "I been tryna get it but it's kinda difficult\nBecause the attitude you give me is a little typical\nYour body language is becoming invisible and my physical is\nSick of all these pitiful attempts to fit the syllables (shit)\nThe way I get it is irrelevant\nCause its a definite that either way I'm gonna benefit\nCause when I'm in my element I'm never hesitant\nCause I'm a specialist with some evidence that I'm elegant\nNiggas always hating and they ladies want a piece of me", "keywords": "", "duration": 17.763625, "bpm": "", "genre": "", "title": "Last Claim", "name": "Last Claim_Dbangz_Verse 1_1", "instrument": "Vocals", "moods": []}