{"key": "", "artist": "Roddy Ricch", "sample_rate": 44100, "file_extension": "mp3", "description": "I can't fuck with nobody\nI can't keep livin' like this, I can't\nI tell her what it is, and I tell her what it ain't\nShe know that I been all in her walls like I paint\nTold her at times I wanna give you trust, but I can't\nI really got it out the mud, climbin' up the ranks\nWhen they see me outside, I'm a high roller\nI been on a global jet, but, nigga, I fly solo\nAnd I got the Gucci splattered all on her knick-knacks", "keywords": "", "duration": 21.757, "bpm": "98", "genre": "", "title": "late at night", "name": "late at night_Roddy Ricch_Verse 1_1", "instrument": "Vocals", "moods": []}