{"key": "", "artist": "Tory Lanez", "sample_rate": 44100, "file_extension": "mp3", "description": "Tell me  What would you do?  If verything felt right, she'd dim th lights?  I bet you would do what she tells you to  Oh now sexy lady, uh  What would you want to do?  If I laid my cards, left my girl  And stay with you, you?   ", "keywords": "", "duration": 23.179600000000004, "bpm": "89", "genre": "", "title": "Lavender Sunflower", "name": "Lavender Sunflower_Tory Lanez_Verse 2", "instrument": "Vocals", "moods": []}