{"key": "", "artist": "Childish Gambino", "sample_rate": 44100, "file_extension": "mp3", "description": "They cross-fadin' off of Nanos\nUgh, on that hipster shit\nAnd you's a hipster, bitch\nYo, but not in the lame way\nLike, you ain't livin' out in BK\nLike, you ain't workin' on a screenplay\nLike, your baby daddy ain't a DJ\nLike, she listenin' to old Freeway\n'Cause everybody listens to Biggie, but she different\nRight, that's why your friends need wristbands?\nFuck you", "keywords": "", "duration": 26.163759999999996, "bpm": "103", "genre": "", "title": "Les", "name": "Les_Childish Gambino_Verse 1_2", "instrument": "Vocals", "moods": []}