{"key": "", "artist": "Mario", "sample_rate": 44100, "file_extension": "mp3", "description": "  Your true beauty's description; looks so good that it hurts      You're a dime, plus 99, and it's a shame  Don't even know what you're worth    Everywhere you go, they stop and stare, 'cause you're bad and it shows  From your head to your toes, out of control  Baby, you know   ", "keywords": "", "duration": 19.2693, "bpm": "94", "genre": "", "title": "Let Me Love You", "name": "Let Me Love You_Mario_Verse 2", "instrument": "Vocals", "moods": []}