{"key": "", "artist": "Boslen", "sample_rate": 44100, "file_extension": "mp3", "description": "  Why these fuckers doubt me? Uh    You can join the journey, who is worthy?  Nigga just allow me, no, uh  Kickin' down your door, uh  Bloodsuckers, I see this industry is filled with sheep    People that pretend to be something that they will never be    Mmm, oh my  I just need some little ol' piece of mind   ", "keywords": "", "duration": 29.52273, "bpm": "", "genre": "", "title": "LEVELS", "name": "LEVELS_Boslen_Verse 1", "instrument": "Vocals", "moods": []}