{"key": "", "artist": "K CAMP", "sample_rate": 44100, "file_extension": "mp3", "description": "4 bad bitches\nMan the pleasure all mine\nWe ain't doin' nothing\nTryin' to have a good time\nRoll around the city, porsche seats on recline\n4 bad bitches\nFuckin' at the same time\nBitch named keisha, got an ass like a bubble\nFeed her M&M's watch it turn to some trouble\nTwo hands on the ball, shorty just double\nOnce I get mine\nI ain't trying to cuddle\nAll in the party,", "keywords": "", "duration": 19.25458499999999, "bpm": "210", "genre": "", "title": "Lil Bit", "name": "Lil Bit_K CAMP_Verse 1_1", "instrument": "Vocals", "moods": []}