{"key": "", "artist": "K CAMP", "sample_rate": 44100, "file_extension": "mp3", "description": "  Fruit rolling up he ain't ran out of yet  Boutta take off, my migos offset      Rolled up the blunt, got a dutch full of Shrek      Said that she want more, guess she ain't done yet      Green Green Green  Mean Mean Mean  Bad bitch kissin'  I ain't tryin' to intervene      If you gone do it baby do it for the team  And it's on blowing strong      Money long, Limousine   ", "keywords": "", "duration": 18.856720000000003, "bpm": "210", "genre": "", "title": "Lil Bit", "name": "Lil Bit_K CAMP_Verse 2", "instrument": "Vocals", "moods": []}