{"key": "", "artist": "Daniel Di Angelo", "sample_rate": 44100, "file_extension": "mp3", "description": "Rollin' up a spliff  Puffin in the mountains  Yeah, I got a ticket for you baby  Are you bout' it?  Come see me  I'm dripped in Prada and Versace  Come see me  I'm mixing Strawberry Bacardi  And I'm unapologetic, never sorry  Fuck your bitch  Then send her back to where she started  I don't quit  I'm Superman, I'm supersonic  I'm too lit  I crossed the liquor and the chronic   ", "keywords": "", "duration": 28.183239999999998, "bpm": "138", "genre": "", "title": "Liquor x Chronic Freestyle", "name": "Liquor x Chronic Freestyle_Daniel Di Angelo_Chorus", "instrument": "Vocals", "moods": []}