{"key": "", "artist": "Lil Mosey", "sample_rate": 44100, "file_extension": "mp3", "description": "Runnin' to the racks every day, bands on me   I just fucked your bitch first date, she was lonely   Fuck what you gon' say, you don't know me   I threw bands her way, now she on me  Run and chase the bag, we gon' get a bag   You can't lie, I'm the best that you had   Dropped five hundred, then made it back   I'm just tryna hit, girl, run it back, oh   ", "keywords": "", "duration": 21.538304999999994, "bpm": "94", "genre": "", "title": "Live This Wild", "name": "Live This Wild_Lil Mosey_Verse 2", "instrument": "Vocals", "moods": []}