{"key": "", "artist": "MO3", "sample_rate": 44100, "file_extension": "mp3", "description": "Boy, you shouldn't of been a hoe (yous a hoe)\nMurder one, it won't get solved\nGon' make me wipe a nigga nose\nOZ of some blow, I'm tryna whip it 'til it go\nI got the game from my old head\nBut he ain't tell me bout the snow (he ain't tell me bout the snow)\nHe only told me bout the rain (the rain)\nHe ain't tell me niggas cold (niggas cold)\nMy partner tried to cross me out (What?)", "keywords": "", "duration": 22.61639, "bpm": "", "genre": "", "title": "Long Time Coming", "name": "Long Time Coming_MO3_Verse 1_2", "instrument": "Vocals", "moods": []}