{"key": "", "artist": "Ameer Vann", "sample_rate": 44100, "file_extension": "mp3", "description": "I made major changes to myself\nI am still a danger to myself\nStill, might grab the stainless off the shelf\nBut I don't really think I'm finished yet\nI ain't even get to feel it yet\nSmoke ain't even hit the ceiling yet\nOnly hopin' that I fade away\nI wake up and face another day\nI got shit that they can't take away", "keywords": "", "duration": 19.666515, "bpm": "", "genre": "", "title": "Los Angeles", "name": "Los Angeles_Ameer Vann_Verse 2_1", "instrument": "Vocals", "moods": []}