{"key": "", "artist": "Sheck Wes", "sample_rate": 44100, "file_extension": "mp3", "description": "I be up 'til dawn, I be stuck on the grind  Fell in love with the paper, now I ain't got no time, gotta dismiss you  Damn, don't trip, boo, everybody goes through this shit too  Damn, you know I miss you  Left for some months and now you brand new   ", "keywords": "", "duration": 25.21799500000001, "bpm": "80", "genre": "", "title": "Losing My Mind", "name": "Losing My Mind_Sheck Wes_Verse 2", "instrument": "Vocals", "moods": []}