{"key": "", "artist": "Joey Bada$$", "sample_rate": 44100, "file_extension": "mp3", "description": "Look, I love her curves but what's more preferred\nIs the way she articulates words\nCan't help observe and stare\nWhen she in the mirror\nMasking the massacre while she fixing her hair\nI mean she so perfect\nIn her own little world\nWe built the foundation, everything I want in a girl\nAnd it's a matter of time until her last name mine\nYou got potential baby, just imagine us combined\nI wanna see you shine like the gem that you are\nWant you be so secure that they can see from afar", "keywords": "", "duration": 27.394295, "bpm": "90", "genre": "", "title": "Love Is Only a Feeling", "name": "Love Is Only a Feeling_Joey Bada$$_Verse 1_1", "instrument": "Vocals", "moods": []}