{"key": "", "artist": "J. Cole", "sample_rate": 44100, "file_extension": "mp3", "description": "Does all the pain he brought you still linger in your mind\nCause pain still lingers on mine\nOn the road to riches listen this is what you'll find\nThe good news is nigga you came a long way\nThe bad news is nigga you went the wrong way", "keywords": "", "duration": 15.644270000000004, "bpm": "", "genre": "", "title": "Love Yourz", "name": "Love Yourz_J. Cole_Verse 1_2", "instrument": "Vocals", "moods": []}