{"key": "", "artist": "3Breezy", "sample_rate": 44100, "file_extension": "mp3", "description": "And if he ever come around, then we gon' put him on a shirt\nSo why he acting like he got something to prove to you?\nNo, he can't see the damage he already do to you\nSo let me show you something different, if that's cool with you", "keywords": "", "duration": 18.70637000000001, "bpm": "", "genre": "", "title": "Love No More", "name": "Love No More_3Breezy_Verse_2", "instrument": "Vocals", "moods": []}