{"key": "", "artist": "Lil Poppa", "sample_rate": 44100, "file_extension": "mp3", "description": "Come ridewith me, I wanna tell you how I'm feeling  Shawty, I fuck with you but it's going down in the city  All these rookies know is shoot  And they been killing up the innocent  And before that day come, girl, I don't wanna have you with me  'Cause I fuck with you the long way, that's why I keep my distance  So baby, don't take it personal every time I go miss it  Before I'm able to have it by my side, it FaceTime kisses  I know that you listening but I hope that you feel me baby  'Cause these niggas wanna kill me   ", "keywords": "", "duration": 26.398940000000003, "bpm": "", "genre": "", "title": "Love & War", "name": "Love & War_Lil Poppa_Verse 1", "instrument": "Vocals", "moods": []}