{"key": "", "artist": "Greyson Chance", "sample_rate": 44100, "file_extension": "mp3", "description": "I am lost and I don't know where to go no more  I've been hurt but I've never been hurt this much before  I feel lonely, lonely, lonely traveling down this road  They say through time I'll find some healing but the clock goes slow  I didn't know that I could get this low   ", "keywords": "", "duration": 25.126025000000002, "bpm": "", "genre": "", "title": "Low", "name": "Low_Greyson Chance_Chorus", "instrument": "Vocals", "moods": []}