{"key": "", "artist": "Jai Waetford", "sample_rate": 44100, "file_extension": "mp3", "description": "Been a couple months, tryna make a move  Spending everyday, only got a few  I was sneaking up the stairs, 'cause your daddy won't approve  Of things that we do at a quarter after two  You say that you grown, don't see eye to eye  When you see your friends, why you gotta lie?  Why you tell 'em what you done  You ain't fucking with this life  Baby, tell me do they know that you called the other tonight?   ", "keywords": "", "duration": 24.624179999999992, "bpm": "", "genre": "", "title": "LowLow", "name": "LowLow_Jai Waetford_Verse 2", "instrument": "Vocals", "moods": []}