{"key": "", "artist": "Jai Waetford", "sample_rate": 44100, "file_extension": "mp3", "description": "Call and say, \"What's up? Tell me how you do\"  Say you wanna talk, last time was a fluke  I can't say that I agree, you're just running from the truth  Know your friends don't fuck with me, but I really fuck with you  You won't tell your girls, I would do the same  Say you wouldn't dare, but you do it anyway  Steal you mum's car, speed it down the west, 3:08  Lock the door when you come 'cause you know it ain't safe   ", "keywords": "", "duration": 24.667279999999998, "bpm": "", "genre": "", "title": "LowLow", "name": "LowLow_Jai Waetford_Verse 1", "instrument": "Vocals", "moods": []}