{"key": "", "artist": "Lil' Kim", "sample_rate": 44100, "file_extension": "mp3", "description": "I put your face in it  I know you sprung off in your tongue, I know you tastin' it    Sex ain't a race  But I have a thug nigga breakin records and the time is  One minute, six seconds    Magic stick  I got the magic box  Have that ass trickin' after one back shot  The gifts, the ice, I like that a lot  The minks, the leathers, the CL drop   ", "keywords": "", "duration": 20.430714999999996, "bpm": "", "genre": "", "title": "Magic Stick", "name": "Magic Stick_Lil' Kim_Verse 3", "instrument": "Vocals", "moods": []}