{"key": "", "artist": "UnoTheActivist", "sample_rate": 44100, "file_extension": "mp3", "description": "Coupe inside, the coupe a spaceship, three, two, one, I'm blasting off  We can take off and go anywhere, girl, let's go to Aspen   Know I'm in your head, give me that head like aspirin  And I just got me some ice, really want me an Aston, oh  I got new money, I got new status   I got good times, I got bad habits   I got road rage, thanks to the two-hundred dash   I got growing pains, still believe in magic    ", "keywords": "", "duration": 28.3079, "bpm": "139", "genre": "", "title": "Magic", "name": "Magic_UnoTheActivist_Chorus", "instrument": "Vocals", "moods": []}