{"key": "", "artist": "3Breezy", "sample_rate": 44100, "file_extension": "mp3", "description": "She don't really need you, she fuck with you if she want to\nYou better feel lucky if she decide that she want you\nAnd if you get to tweakin', you know that she gon' get you gone\nLil' baby found her worth, now she get whatever she want\nAnd if nobody told you, I'll be the one to tell you\nYeah, she know I'm the plug, but all these lies, no, I won't sell you\nYou been on your own, but you don't need nobody else", "keywords": "", "duration": 24.307840000000002, "bpm": "", "genre": "", "title": "Message From Breezy", "name": "Message From Breezy_3Breezy_Verse_2", "instrument": "Vocals", "moods": []}