{"key": "", "artist": "PnB Rock", "sample_rate": 44100, "file_extension": "mp3", "description": "These niggas is hoes, I keep me a pole\nI swear these new bitches be doing the most\nVomit like I'm drippin' snot from my nose (Slatt)\nYou know I came from the mud with this (Mud)\nThey never showed me now love with this (Yeah)\nI had to jugg and finesse, was just standing on corner\nWas selling them drugs and shit (Drugs)\nThey used to be on some other shit (Uh)\nNow they see me coming up and shit (Uh)\nI tell them leeches to suck a dick (Uh)", "keywords": "", "duration": 18.16795999999999, "bpm": "152", "genre": "", "title": "MIDDLE CHILD", "name": "MIDDLE CHILD_PnB Rock_Verse_2", "instrument": "Vocals", "moods": []}