{"key": "", "artist": "RealestK", "sample_rate": 44100, "file_extension": "mp3", "description": "Say \"we cool,\" but you don't even know me  And they gotta deal with me, I swear these bitches phoney  Say you told the truth, but Im the one who told me  Saying that you're different, you got loyalty, then show me  Baby, I lost my mind  Baby, I'm hard to find  You think you got it all figured out, but you dont know what you're missing   ", "keywords": "", "duration": 22.544719999999998, "bpm": "170", "genre": "", "title": "Miss me", "name": "Miss me_RealestK_Chorus", "instrument": "Vocals", "moods": []}