{"key": "", "artist": "Navy Blue", "sample_rate": 44100, "file_extension": "mp3", "description": "Treasure was never gold\nIt's better to let it go\nI promise to be at ease\nI'm tired of being bold\nTired of keeping it going\nI'm better off alone\nWritten within the palm\nThe dissonance the song gone\nTreasure was never gold\nIt's better to let it go\nPromise to be at ease", "keywords": "", "duration": 18.439479999999996, "bpm": "", "genre": "", "title": "Moment Hung", "name": "Moment Hung_Navy Blue_Chorus_1", "instrument": "Vocals", "moods": []}