{"key": "", "artist": "Key Glock", "sample_rate": 44100, "file_extension": "mp3", "description": "  Smoking mack with my unc', he call it 'thrax, uh      Yeah, I was thirteen sneakin', geekin', drinkin' Actavis    A couple niggas play with us, we turned that ass to dust  Don't let them gas you up, heart cold, no mask or gloves, nigga , uh  Hit your ass up with some slugs  I run with hustlers and thugs  I got this shit out the mud, nigga   Ayy, who want this smoke? I got bud  Strapped in the church and the club  What the fuck you niggas thought this was?    ", "keywords": "", "duration": 25.114515, "bpm": "", "genre": "", "title": "Mr. Glock", "name": "Mr. Glock_Key Glock_Verse 2", "instrument": "Vocals", "moods": []}