{"key": "", "artist": "Q Money", "sample_rate": 44100, "file_extension": "mp3", "description": "You got dope then smoke it (Yeah!)\nI'm still pistol totin' (Yeah!)\nMomma told me stay focused (Yeah!)\nEverybody know I'm chosen (Yeah!)\nMost of these hoes be bogus (Yeah!)\n'Cause they don't cop that Lotus (Yeah!)\nPour Champagne on my Rollie, (Yeah!)\nDress in all black, but I'm still holy (Yeah!)\nNiggas ain't tough we expose em (Yeah!)\nNigga, you ain't tough we expose em (Yeah!)", "keywords": "", "duration": 24.859830000000017, "bpm": "", "genre": "", "title": "Neat", "name": "Neat_Q Money_Verse 2_2", "instrument": "Vocals", "moods": []}