{"key": "", "artist": "Q Money", "sample_rate": 44100, "file_extension": "mp3", "description": "I used to trap out the corner store\nI put the grams on the stove\nI know some bitches that play with their nose\nMost of my niggas still servin' that dough\nWhen I was servin' fiends blew up my phone\nI blew up the pack, I made that shit back\nPull up to the trap or wherever I'm at\nDon't bring your phone out when I'm servin' this pack (For real!)\nI hit from the back, she gon' get attached\nWhy?\n'Cause my dick just like crack\nI look like I dress, I smell like a sack\nWhy? Cause I got them racks\nHit the club popping, Moet, (Yeah!)\nHit the strip club and throw it (Yeah!)", "keywords": "", "duration": 29.109949999999998, "bpm": "", "genre": "", "title": "Neat", "name": "Neat_Q Money_Verse 2_1", "instrument": "Vocals", "moods": []}