{"key": "", "artist": "Joey Trap", "sample_rate": 44100, "file_extension": "mp3", "description": "Look\nGot bricks like free throw\nPurp make me lean back like Fat Joe\nTool in my bitch purse, Home Depot\nBaby give me those straps you don't need those\nYea I'm black and I'm Puerto Rican\nSaid she wanna gimmie throat, now ya bitch eating\nThey say Joey throwin' bands and never have a reason\nKloud god bring hope nigga fuck a demon", "keywords": "", "duration": 21.242635000000003, "bpm": "", "genre": "", "title": "Nemo", "name": "Nemo_Joey Trap_Verse 1_1", "instrument": "Vocals", "moods": []}