{"key": "", "artist": "King Geedorah", "sample_rate": 44100, "file_extension": "mp3", "description": "One, two, one, two, yes\nYo, it's King Gheedra, combined with the forces of nine ether\nBlowing woofers and tweeters, shaking syllable meaning\nDisaster's cataclysmic, mystic natural, it's about time\nWe hit you with some substance that's actual\nI got a gift call, hip-hop prophecy, says 2003\nEnds the reign of the jiggy MC\nNo more roaming on this planet like scavengers\nSciences broke the code of the Gregorian calendar\nDefine laws and space in time, trying to trace my lines", "keywords": "", "duration": 28.857084999999998, "bpm": "", "genre": "", "title": "Next Levels", "name": "Next Levels_King Geedorah_Verse 1_1", "instrument": "Vocals", "moods": []}