{"key": "", "artist": "King Geedorah", "sample_rate": 44100, "file_extension": "mp3", "description": "Four section, super intelligence, balance\nBenevolent, stinging nettle medicine\nCrouch tiger, dragon, craftmatic\nWatch ya back, if, catch this\nFascist through the atlas, first class diplomatic status\nStagma flag, overstanding the plan\nBar skin, then a streets watch timex clocks\nPunchless on the dot five\nMinutes to rot\nSo we blew blocks, crews", "keywords": "", "duration": 23.50289, "bpm": "", "genre": "", "title": "Next Levels", "name": "Next Levels_King Geedorah_Verse 2_2", "instrument": "Vocals", "moods": []}