{"key": "", "artist": "Yo Trane", "sample_rate": 44100, "file_extension": "mp3", "description": "I could never fall in you love\nThat's what I was tryna' tell you\nNow you feel like enough is enough\nYou think I want you for your body\nI play games, call you when I need somebody\nI say things I know you won't tell nobody\nI know your heart and your soul\nAll the things niggas don't know\nI was there before your glow\nBut lately I've been on the go\nStudio all day, with Kalim all day", "keywords": "", "duration": 23.86497, "bpm": "140", "genre": "", "title": "Night Calls", "name": "Night Calls_Yo Trane_Verse 1_1", "instrument": "Vocals", "moods": []}