{"key": "", "artist": "Lil Berete", "sample_rate": 44100, "file_extension": "mp3", "description": "I be flipping these packs every season  If you falling in love you can't leave me  Now these niggas they move like they need me  I ain't throwing no shit I ain't 3D  And I'm eating my greens no kiwi  I be swimming in water no Fiji  She gon take off bikinis, for a nigga like me   ", "keywords": "", "duration": 13.71536, "bpm": "146", "genre": "", "title": "No Love", "name": "No Love_Lil Berete_Verse 1", "instrument": "Vocals", "moods": []}