{"key": "", "artist": "Tokyo Jetz", "sample_rate": 44100, "file_extension": "mp3", "description": "I see you lurking on fake pages ole groupie ass\nPlease don't make me hurt yo feelings\nDon't come at me as a woman\nBitch don't put me in yo business\nGive no fuck about yo children\nSplit that pussy nigga lip\nKick him out hoe make a move\nCause bitch I for playing games\nBut I never played to lose", "keywords": "", "duration": 16.93396, "bpm": "", "genre": "", "title": "No Problem", "name": "No Problem_Tokyo Jetz_Verse 1_2", "instrument": "Vocals", "moods": []}