{"key": "", "artist": "Trey Songz", "sample_rate": 44100, "file_extension": "mp3", "description": "She like what's up what's up with me and you, (ooh ah), yeah\nWhat we finnin', finnin to do (ooh, ah, ah)\nLately I've been giving you some room, (ooh) uh huh\nLately I just don't know what to do, ooh ooh ooh\nI don't want nobody else but you (ooh, ah, ah)\nI know you don't want to wait for me, aye\nThey say you should stay away from me, (no) aye", "keywords": "", "duration": 23.927485, "bpm": "140", "genre": "", "title": "Nobody Else but You", "name": "Nobody Else but You_Trey Songz_Verse 1_1", "instrument": "Vocals", "moods": []}