{"key": "", "artist": "Trey Songz", "sample_rate": 44100, "file_extension": "mp3", "description": "They catch us on the low and I know you hate that   They say that I'm yours and you say it ain't that     And every time it goes I just bring the pain back, yeah    Break ups to make ups that-that's just the way it goes   Know a lot of men would do you better   Know that I done put you through whatever  I know that you care for me, I know what you spared for me  I know you won't wait on me forever   ", "keywords": "", "duration": 27.625079999999986, "bpm": "140", "genre": "", "title": "Nobody Else but You", "name": "Nobody Else but You_Trey Songz_Verse 2", "instrument": "Vocals", "moods": []}