{"key": "", "artist": "PnB Rock", "sample_rate": 44100, "file_extension": "mp3", "description": "Notice me, do you ever notice me?    I feel like I'm Jodeci, won't you come and talk to me      Shawty, it ain't hard to see, that your body's calling me  You can get it all from me, girl I swear I'm all you need  I been showin' love, showin' love  Liking all your pictures  Repost when you say things  Sometimes I swear I think they all 'bout me  Tell me if I'm wrong, tell me if I'm wrong  Girl you got me going, just pick up your phone   ", "keywords": "", "duration": 29.05768, "bpm": "128", "genre": "", "title": "Notice Me", "name": "Notice Me_PnB Rock_Verse 1", "instrument": "Vocals", "moods": []}