{"key": "", "artist": "Nipsey Hussle", "sample_rate": 44100, "file_extension": "mp3", "description": "Spending all cash, to sliding cards, it's the definition of living large\nSmoking top flight in the biggest cars\nTold you '08 this shit was ours\nGetting this cake, yeah nigga then getting more\nLook at this world young nigga, this really yours\nNigga this really mine, my niggas is really for it", "keywords": "", "duration": 22.737455, "bpm": "80", "genre": "", "title": "Ocean Views", "name": "Ocean Views_Nipsey Hussle_Verse 2_2", "instrument": "Vocals", "moods": []}