{"key": "", "artist": "Young M.A", "sample_rate": 44100, "file_extension": "mp3", "description": "I'm off the 'yac, got a lot on my mind (Got a lot on my mind)\nTime is money and if you don't get it\nYou wastin' my time (Wastin' my time)\nAfter I fuck, she tryna cuff, bitch, you out of line (Get out of here)\nBlowin' my phone up\nCallin' me cryin', get off my line (Get outta here)\n'Cause I am a demon, long as I'm breathin'\nDon't want your heart, you can keep it (Keep that)\nBitches'll tell you they love you, they schemin'\nCappin', don't even mean it (They don't even mean it)\nBut I don't believ\u0435 it, all of them treeshes\nThat's why I just fuck it and leav\u0435 'em (Uh-huh)\nI just stay loyal to money and music\nAnd all of the guys that I be with (gang)\nBut back to the real", "keywords": "", "duration": 27.951545, "bpm": "145", "genre": "", "title": "Off the Yak", "name": "Off the Yak_Young M.A_Verse 1_1", "instrument": "Vocals", "moods": []}