{"key": "", "artist": "ICYTWAT", "sample_rate": 44100, "file_extension": "mp3", "description": "Ayy, I had to keep that shit tucked   These niggas know they fucked up   They ain't want me to turn up   They ain't want me to show out   They ain't want me to go up   They want me all to they self   They trying to put me on a shelf   I had the feelin' these niggas weren't right, but I had to keep that shit to myself   I have the feelin' these niggas gon' die if they keep fuckin' 'round with they self   I see through niggas intentions, niggas really bitches, don't care what they felt   These niggas really need help   It's time to give up the belt   ", "keywords": "", "duration": 26.403959999999998, "bpm": "", "genre": "", "title": "Off tha Leash!", "name": "Off tha Leash!_ICYTWAT_Verse 1", "instrument": "Vocals", "moods": []}