{"key": "", "artist": "Chase Atlantic", "sample_rate": 44100, "file_extension": "mp3", "description": "Cuban link, diamond cross  I got a Spanish chiquita  \"No habla ingls,\" not at all, no    Cut up three lines like Adidas  She clean that shit up with her nose      And I got a kilo, no Kilimanjaro  Baby, just a mountain of coke     ", "keywords": "", "duration": 14.688740000000001, "bpm": "126", "genre": "", "title": "OHMAMI", "name": "OHMAMI_Chase Atlantic_Verse 1", "instrument": "Vocals", "moods": []}