{"key": "", "artist": "Ugly God", "sample_rate": 44100, "file_extension": "mp3", "description": "Keep your space  If you can't, stay up in your place  Get the fuck   Out my face, bitch you in the way  Truthfully   I just might fuck your bitch today  Close your eyes   Open up, suck this dick today  And I'm riding downtown with your bitch in an Audi  If you tell me to go get him, I got him    Saucin' like Rex bitch you know I be stylin'    She say she wanna come party, now she off a bean  And the perc, yeah, these bitches be wildin'  I want the top 'cause I know she got mileage  Come get yo bitch, 'cause she actin' too childish   ", "keywords": "", "duration": 25.12839, "bpm": "", "genre": "", "title": "One Two", "name": "One Two_Ugly God_Verse 1", "instrument": "Vocals", "moods": []}