{"key": "", "artist": "Jay Gwuapo", "sample_rate": 44100, "file_extension": "mp3", "description": "Whenever I call you baby, please look up at your phone\nI'on want you feeling like I left you alone\nI just needed some time baby, I been out on my own\nAll these different - got me feeling too grown\nBut I'm feeling lone', lone', lone', lonely\nWithout you over me\nI just hope that you love me\nSo you can be with me (oh)", "keywords": "", "duration": 23.492635000000003, "bpm": "", "genre": "", "title": "One Chance", "name": "One Chance_Jay Gwuapo_Verse 1_1", "instrument": "Vocals", "moods": []}