{"key": "", "artist": "Lil Tecca", "sample_rate": 44100, "file_extension": "mp3", "description": "I don't know what's goin' on    I'm gettin' to the racks, now thatniggacall me \"Bro\"    Now they pullup to my show   I'm just doin' me, they comparin' all my flows   And they don't even know   And you don't even know, and we don't even know    I just know I'm 'bout to blow, I just know I'm 'bout to glow     ", "keywords": "", "duration": 15.881515, "bpm": "", "genre": "", "title": "Our Time", "name": "Our Time_Lil Tecca_Verse 1", "instrument": "Vocals", "moods": []}