{"key": "", "artist": "Yung Pinch", "sample_rate": 44100, "file_extension": "mp3", "description": "Nails done, hair did, all-red lipstick  Don't you look nice? I'd say perfect  Yeah, I'd say perfect, yeah  Nails done, hair did, all-red lipstick  Don't you look nice? I'd say perfect  Oh, God, this is it, yeah  Here she comes, she's so perfect   ", "keywords": "", "duration": 25.590975, "bpm": "149", "genre": "", "title": "Perfect", "name": "Perfect_Yung Pinch_Pre-Chorus", "instrument": "Vocals", "moods": []}