{"key": "", "artist": "6LACK", "sample_rate": 44100, "file_extension": "mp3", "description": "Now I'm like\nIt's a goddamn shame\nWe done crashed we done burned\nBut baby you the goddamn blame\nSee I wanted love but you wanted goddamn fame\nEvery goddamn thing\nI wanted a bitch who was on the move\nBut you want to goddamn lay, uh\nList of my problems\nGot this one in my bed and she just want to sleep\nFucking up all of the sheets\nShe only wake up to eat\nDo this shit every week\nLike why you do that?", "keywords": "", "duration": 31.140650000000008, "bpm": "69", "genre": "", "title": "PRBLMS", "name": "PRBLMS_6LACK_Verse 2_1", "instrument": "Vocals", "moods": []}