{"key": "", "artist": "Kendrick Lamar", "sample_rate": 44100, "file_extension": "mp3", "description": "Hell-raising, wheel-chasing, new worldy possessions\nFlesh-making, spirit-breaking, which one would you lessen?\nThe better part, the human heart\nYou love 'em or dissect 'em\nHappiness or flashiness? How do you serve the question?\nSee, in the perfect world, I would be perfect, world\nI don't trust people enough beyond they surface, world\nI don't love people enough to put my faith in man\nI put my faith in these lyrics hoping I make a band", "keywords": "", "duration": 27.253955, "bpm": "139", "genre": "", "title": "PRIDE.", "name": "PRIDE._Kendrick Lamar_Verse 1_1", "instrument": "Vocals", "moods": []}