{"key": "", "artist": "Kendrick Lamar", "sample_rate": 44100, "file_extension": "mp3", "description": "I understand I ain't perfect\nI probably won't come around\nThis time, I might put you down\nLast time, I ain't give a fuck, I still feel the same now\nMy feelings might go numb, you're dealing with cold thumb\nI'm willing to give up a leg and arm and show empathy from\nPity parties and functions and you and yours\nA perfect world, you probably live another 24", "keywords": "", "duration": 25.443100000000005, "bpm": "139", "genre": "", "title": "PRIDE.", "name": "PRIDE._Kendrick Lamar_Verse 1_2", "instrument": "Vocals", "moods": []}