{"key": "", "artist": "Trevor Jackson", "sample_rate": 44100, "file_extension": "mp3", "description": "I'm singing in the rain  Just dancin' to the noise you're makin'  I just love when we make love  This here ain't somethin' that I could make up  Candy-coated raindrops, oh  That's how you taste to me, oh, girl  You ain't gotta hide your face, oh  Want you to see me while I'm sippin' on...   ", "keywords": "", "duration": 29.374179999999992, "bpm": "", "genre": "", "title": "Puddles", "name": "Puddles_Trevor Jackson_Verse 2", "instrument": "Vocals", "moods": []}