{"key": "", "artist": "Hey Violet", "sample_rate": 44100, "file_extension": "mp3", "description": "'Cause there's something about it that brings me to life\nYeah, I know all the consequences, I don't mind\nThis holy redemption tears us in two\nBut I can't turn my back to you\nWearing your t-shirt, I'm queen of the night", "keywords": "", "duration": 20.002474999999997, "bpm": "", "genre": "", "title": "Queen Of The Night", "name": "Queen Of The Night_Hey Violet_Chorus_1", "instrument": "Vocals", "moods": []}