{"key": "", "artist": "Morray", "sample_rate": 44100, "file_extension": "mp3", "description": "I remember chillin' at one of my little bitch crib\n'Bout to fuck, 'bout to nut, main course with the fixings\nHer nigga came through, he was all on some bitch shit\nDidn't know I was raw and my hands was so gifted\nBoy had me chop, had get him a mix quick\nCouple knots made him drop like he drunk or he lifted\nFought another nigga after I thought was some kinship\nThrowing up both of our sets which ended the friendship\nGave respect neck to neck my nigga didn't back down\nHad 'em standing up then he ended up back down\nHis hands in my life, now they ended up flat now\nFlat like a wing, let's see if he flap now\nHad enough, it was tuff only lasted about one round", "keywords": "", "duration": 26.618315000000003, "bpm": "", "genre": "", "title": "Quicksand", "name": "Quicksand_Morray_Verse 2_1", "instrument": "Vocals", "moods": []}