{"key": "", "artist": "Major Nine", "sample_rate": 44100, "file_extension": "mp3", "description": "We could be shoulder to shoulder but I ain't feeling you\nWe could be face to face but I ain't hearing you\nI'm hitting point blank range so I ain't missing you\nAnd I done seen a lot of lame shit\nLike two niggas getting killed over the same bitch (yea)\nAnd everybody screaming same thang", "keywords": "", "duration": 20.28273, "bpm": "", "genre": "", "title": "Ready for War", "name": "Ready for War_Major Nine_Hook_2", "instrument": "Vocals", "moods": []}