{"key": "", "artist": "SahBabii", "sample_rate": 44100, "file_extension": "mp3", "description": "My nigga gon' ride for me    Put on they swimming trunks, slide for me    Bitch, we ain'tworried'bout beef    My shootersfat and they ready to eat      Leanback in the seat, she spaghetti the D    These niggas ain'tshooters,theytellin' on me    Aimat your bell,taco filling the scene      I'm pulling my pants up, I'm ready to swing      ", "keywords": "", "duration": 17.9329, "bpm": "118", "genre": "", "title": "Ready to Eat", "name": "Ready to Eat_SahBabii_Chorus", "instrument": "Vocals", "moods": []}