{"key": "", "artist": "Jean Deaux", "sample_rate": 44100, "file_extension": "mp3", "description": "Here I go again, I am never finished\nYou know I'm a writer like the high percentage\nThis that Mortal Kombat I might catch you in the sixth dimension\nThen we sobbing in my sleep 'cause I know you listenin'\nI travel for my Venus then get back to Venice\nYou wearing out your confidence you really timid\nI could bleed if necessary but you know I'm never switchin' up\nBitch if you walkin' up to me, you gon' leave here limpin'\nAnd I got some homies out here like incisions", "keywords": "", "duration": 22.474404999999997, "bpm": "95", "genre": "", "title": "Recipe!", "name": "Recipe!_Jean Deaux_Verse 1_1", "instrument": "Vocals", "moods": []}