{"key": "", "artist": "Gunna", "sample_rate": 44100, "file_extension": "mp3", "description": "  And I'm right back on Rodeo      Still got some boys on the payroll      You niggas still sippin' Karo       She with a P in LA at the condo, we 'bout to eat Maggiano's       Helpin' the P out, so bring me them narcos, thinkin' I should take the Bronco   OJ   , gotta go get it tomorrow  I'm sellin' out The Apollo, inside my body is hollow   Count up them racks, get your folks out the ghetto, you know that was always the motto     If a nigga wan' talk out the side of his neck, I just let his BM come and swallow     ", "keywords": "", "duration": 26.32473, "bpm": "134", "genre": "", "title": "rodeo dr", "name": "rodeo dr_Gunna_Chorus", "instrument": "Vocals", "moods": []}