{"key": "", "artist": "VIC MENSA", "sample_rate": 44100, "file_extension": "mp3", "description": "One, two, three too many drinks, I think I might forget\nHow to count to ten, I tend to turn two shots into a fifth\nI drive better when I'm drunk, I rock leather like a punk\nHennessy make me date Kennedys\nI get to drunk to fuck\nThey say \"Vic are you okay\"?\nDude no way\nI don't even know no more\nI don't even blow no more, but I be leanin' like a cholo\nTony Hawk I go overboard, need to take it slow mo'", "keywords": "", "duration": 26.26826999999999, "bpm": "130", "genre": "", "title": "Rollin' Like A Stoner", "name": "Rollin' Like A Stoner_VIC MENSA_Verse 2_1", "instrument": "Vocals", "moods": []}