{"key": "", "artist": "Darci", "sample_rate": 44100, "file_extension": "mp3", "description": "(Hmh) swervin' off the road, but we're still in control\nMix the mud in my cup, with the mud in my soul\nStill you know how it goes, like I'm never alone\nStill I came with a ghost and it's over my shoulder\nLight peekin' through the window and it's makin' me colder\nI retreated to the night, wish it never was over", "keywords": "", "duration": 22.10606, "bpm": "140", "genre": "", "title": "Run Away", "name": "Run Away_Darci_Verse 1_1", "instrument": "Vocals", "moods": []}