{"key": "", "artist": "Jenevieve", "sample_rate": 44100, "file_extension": "mp3", "description": "We had such plans  They went so blu, nobody didn't know  All this sin in my head  He thought \"Yes,\" but all I did was say no  You not gonna see m in no angry pose  I'ma always rep Southside, baby  I'm not down the block anymore, I'm ghost  This might be my last reminisce, but   ", "keywords": "", "duration": 26.795720000000003, "bpm": "", "genre": "", "title": "R\u00e9sum\u00e9", "name": "R\u00e9sum\u00e9_Jenevieve_Bridge", "instrument": "Vocals", "moods": []}