{"key": "", "artist": "Jordan Solomon", "sample_rate": 44100, "file_extension": "mp3", "description": "Homies mad cuz I'm chillin' with you too much\nI'm drinkin', got that Ambex on an Uber\nTop 5 like Ray Allen cuz you know that he a shooter\nBaby, I am not afraid to lose ya\nJust cuz you in my life don't mean I cannot remove ya\nYeah, she only livin' for the weekend\nSome nights I wish that I could just press reset\nLeave me alone, I need some time to reflect\nYou love me scorin', you ain't playin' defense", "keywords": "", "duration": 25.667835, "bpm": "", "genre": "", "title": "Satisfied", "name": "Satisfied_Jordan Solomon_Verse 1_1", "instrument": "Vocals", "moods": []}