{"key": "", "artist": "Quando Rondo", "sample_rate": 44100, "file_extension": "mp3", "description": "You really touched me to my heart  Permanent scar that day I found that you cheated  I kept it real with you girl, I guess you was tryna get even    I feel like Adam, you're my Eve, we in the Garden of Eden    How the fuck you claim you love someone when you dont know the real meanin'?  You always listen to your friends and let 'em come in between us  I guess that ring and that new teddy bear, lil' shawty, don't mean nothin'  Don't understand where we stand, I might need a chair  The way that I been feelin' lately, you ain't never care   ", "keywords": "", "duration": 24.254595000000002, "bpm": "167", "genre": "", "title": "Scarred From Love", "name": "Scarred From Love_Quando Rondo_Chorus", "instrument": "Vocals", "moods": []}