{"key": "", "artist": "PHABO", "sample_rate": 44100, "file_extension": "mp3", "description": "My Scorpio moon made me hit you to meet up late night like this\nScorpio moon told me to text you and have your granny watch your jits, huh\nI'm checking the temperature like I'm a nurse tech, ayy\nI'll take all the bullshit with a lil' discipline\nI'm more than just militant for that pussy", "keywords": "", "duration": 16.622035000000004, "bpm": "134", "genre": "", "title": "SCORPIO MOON - A COLORS SHOW", "name": "SCORPIO MOON - A COLORS SHOW_PHABO_Verse 2_1", "instrument": "Vocals", "moods": []}