{"key": "", "artist": "MAVI", "sample_rate": 44100, "file_extension": "mp3", "description": "That I see you out here poisoning yourself and want it for you\nAnd I love you better than i love myself my fruit is spoiled\nAnd it's not a game I put it in your name I kinda told you\nAnd I nodded and I took it to the bank and I deposit\nAnd I dropped it and I looked into the mirror said \"oh Mavi\"\nYou coarser and you closer the rhythm that's inside\nAnd I warped you in the interest of design", "keywords": "", "duration": 25.796224999999993, "bpm": "", "genre": "", "title": "Self Love", "name": "Self Love_MAVI_Verse 2_2", "instrument": "Vocals", "moods": []}