{"key": "", "artist": "Ryan Trey", "sample_rate": 44100, "file_extension": "mp3", "description": "It's been misery in Missouri\nI had to lose myself to find me\nAlong the way I lost you\nChasin' a bag, left you behind me\nI be in my feels sometimes, don't mind me\nRather have a wild time than idle time\nFor somethin' to remind me\nOf the one I left behind me\nAnd when I'm on them late night drives\nI wanna slide to Michigan", "keywords": "", "duration": 28.945114999999998, "bpm": "121", "genre": "", "title": "Selfish", "name": "Selfish_Ryan Trey_Verse_1", "instrument": "Vocals", "moods": []}