{"key": "", "artist": "Isaia Huron", "sample_rate": 44100, "file_extension": "mp3", "description": "Wouldn't you love to make it to winter  Maybe get back to feelings that we remember  This cold is starting to pick up  We're not wher we were back in Dcember, 2018  Girl, don't you remember?  Up in New York and you were at dinner  Texting and calling, hoping I'd pick up  And when I did, the first thing you said was   ", "keywords": "", "duration": 28.57639, "bpm": "", "genre": "", "title": "Self!", "name": "Self!_Isaia Huron_Pre-Chorus", "instrument": "Vocals", "moods": []}