{"key": "", "artist": "clipping.", "sample_rate": 44100, "file_extension": "mp3", "description": "Don't move nothin', statue\nShooter 'bout to go nuts, cashew\nNeed cash off the books, past due\nReal cheese for the cooks, rat food\nHe got drums for that ass, get fucked\nGet your face rearranged, Nip-Tuck\nDo heavy in the streets, big truck\nGive money, get money, that's a stick up", "keywords": "", "duration": 19.537834999999998, "bpm": "", "genre": "", "title": "Shooter", "name": "Shooter_clipping._Verse 1_1", "instrument": "Vocals", "moods": []}