{"key": "", "artist": "clipping.", "sample_rate": 44100, "file_extension": "mp3", "description": "Wallet or your life, choose one\nCome up off the lettuce, crouton\nYou been sleepin' on the shooters, futon\nNo donation on computers, move on\nClerk's shittin' in his drawers, skid row\nThought shit was just a hood game, skip rope\nShooter read the face real quick, CliffsNotes", "keywords": "", "duration": 18.791880000000003, "bpm": "", "genre": "", "title": "Shooter", "name": "Shooter_clipping._Verse 1_2", "instrument": "Vocals", "moods": []}