{"key": "", "artist": "Jucee Froot", "sample_rate": 44100, "file_extension": "mp3", "description": "You got a revolver, bitch I'm playin' with drago  Got that sauce like pasta, you know we be mayo'  Bitch I'm bein' a monster, smash shit up like KO  Heard you talkin' to your army, I'm goin' get the case closed  Got that juice, we got it sleepin', caught it like a ribbon  Ass so fat, so deep, these goes offended  Beats hotter than the kitchen, get the heat up, brought the milli  You wipe your nose, I heard you sniffin'  Wike his nose then he gettin' in there, ay   ", "keywords": "", "duration": 25.054270000000002, "bpm": "", "genre": "", "title": "Sidewalk", "name": "Sidewalk_Jucee Froot_Verse 2", "instrument": "Vocals", "moods": []}