{"key": "", "artist": "Ameer Vann", "sample_rate": 44100, "file_extension": "mp3", "description": "I learned a lot inside a year\nThat handful of months\nAnother turn around the sun\nI'm still cold and burning up\nLike a raisin in the sun\nAnd I'm numb from smoking blunts\nI don't feel it when they hit me\nWay my father used to beat me\nI don't think I'd really feel it\nIf a car swerved and hit me\nWhat does God got against me\nI've been doing stupid shit like\nAnd selling\nI even tried to rob a bitch that got\nRaided by police\nI'm just glad it wasn't me\nAnd that keep me up at night\nBut I'm used to losing sleep", "keywords": "", "duration": 31.255860000000002, "bpm": "", "genre": "", "title": "Sincerely, Yours", "name": "Sincerely, Yours_Ameer Vann_Verse 1_1", "instrument": "Vocals", "moods": []}