{"key": "", "artist": "Lil Yachty", "sample_rate": 44100, "file_extension": "mp3", "description": "Yeah, what's the word? What's the talk? What they really sayin'?\nThousand Superman pills wrapped up in Saran\nShe been beggin' her, bring friends, fuck it, let 'em in\nMaxin', I don't crap some, slidin' 'round with straps, uh\nYeah, yeah, yeah, I put that shit up on the map, uh\nFuck 'em, yeah, okay", "keywords": "", "duration": 21.050050000000002, "bpm": "138", "genre": "", "title": "Slide", "name": "Slide_Lil Yachty_Verse 2_1", "instrument": "Vocals", "moods": []}