{"key": "", "artist": "Mac Miller", "sample_rate": 44100, "file_extension": "mp3", "description": "Yeah, got a bad attitude, playin' 'til I'm out of moves\nNo need for shame, I get more peace at slow speeds\nGo beat the game, young control freak\nIt's cold in my veins, I'm below freezing\nSnow season (made me)\nThey know that I so need my space\nDon't wanna grow old, so I smoke just in case\nShe say that I glow below the waist", "keywords": "", "duration": 23.760309999999997, "bpm": "78", "genre": "", "title": "Small Worlds", "name": "Small Worlds_Mac Miller_Verse 2_1", "instrument": "Vocals", "moods": []}