{"key": "", "artist": "MAVI", "sample_rate": 44100, "file_extension": "mp3", "description": "Good dribble moves\nImage of man, I'm original\nFeedin' my fam lil' riddle food\nReason she put hands on me, chemical\nWhen I couldn't touch these bands, wasn't pitiful\nKnew mandem wicked, I'm wicked too\nN\u0435w fans, I'm feelin' invincible\nNew dance st\u0435ps, nigga done bit a few\nNo hand checkin', she said, \"I'm feelin' you\"\nNo bread lessons 'til you go risk a few, living proof\nFootprint on necks, can't lift a shoe", "keywords": "", "duration": 23.233625, "bpm": "", "genre": "", "title": "Spoiled Brat", "name": "Spoiled Brat_MAVI_Verse_2", "instrument": "Vocals", "moods": []}