{"key": "", "artist": "Aftertheparty", "sample_rate": 44100, "file_extension": "mp3", "description": "She was smoking on the gas bout quarter to noon \nShe was hittin' on my line like, \"Baby, where are you?\" \nI don't really hear your talking, baby, through with you, ay \nI just sit back and I'm poppin' yellow xanny blue, ay, uh, yeah \nLike I let you in my door \nI stopped thinkin' bout you since 4:34 \nI stopped thinkin' bout you since I had the need \nI stopped thinkin' bout you since I started poppin' beans, yeah ", "keywords": "", "duration": 26.67837999999999, "bpm": "130", "genre": "", "title": "Stopped", "name": "Stopped_Aftertheparty_Hook", "instrument": "Vocals", "moods": []}