{"key": "", "artist": "Nebu Kiniza", "sample_rate": 44100, "file_extension": "mp3", "description": "Yeah, yeah, yeah  Yes, out of control, gotta get it  'Nother load, gotta get it, 'nother, yeah  Follow all the signs though, I can't wait in line though  I'm   Richie Like Lionel  , realest nigga I know  I gotta keep my cool, I can't be overthinkin' right now  I got a pack in the booth, somebody roll me up some right now  Bought me up a coupe, I'm 'bout to take another right now  Bitch, I'm bossed up, can't take no darker   ", "keywords": "", "duration": 26.30025, "bpm": "77", "genre": "", "title": "Sun Up", "name": "Sun Up_Nebu Kiniza_Verse 2", "instrument": "Vocals", "moods": []}