{"key": "", "artist": "Kodak Black", "sample_rate": 44100, "file_extension": "mp3", "description": "But I still ate it 'cause I'm a gremlin\nYeah, Kutthroat Businezz, KTB, backdoor wide open\nWait 'til my sniper get out\nAll you niggas gon' die, time rollin'\nBustin' on my opponent\nNo half-steppin', crushin' my opps totally\nWe was just broke with no motion\nSleepin' on sofas, creepin' in houses like roaches", "keywords": "", "duration": 15.884270000000004, "bpm": "", "genre": "", "title": "Super Gremlin", "name": "Super Gremlin_Kodak Black_Verse 2_1", "instrument": "Vocals", "moods": []}