{"key": "", "artist": "DESTIN CONRAD", "sample_rate": 44100, "file_extension": "mp3", "description": "Toast to this, young and rich, blasphemous  Can't deal with the same old love, over and over   Keep it interesting, mi nuh want no boring fuck  Want something mek mi high like drugs, but I'm still sober  Want something that I can't get over   ", "keywords": "", "duration": 19.93718, "bpm": "", "genre": "", "title": "SWITCH", "name": "SWITCH_DESTIN CONRAD_Verse 1", "instrument": "Vocals", "moods": []}