{"key": "", "artist": "Kid Cudi", "sample_rate": 44100, "file_extension": "mp3", "description": "Tryna find it on the right track  Oh, wanna be just where the free at    Hm, talk to Him, He don't speak back      Hm, can't los, I'm in the third act      Lord seein' me swerv  Do this to my loved ones, I've got some nerve  Don't think I'm not sorry     ", "keywords": "", "duration": 21.481174999999997, "bpm": "", "genre": "", "title": "Tequila Shots", "name": "Tequila Shots_Kid Cudi_Pre-Chorus", "instrument": "Vocals", "moods": []}