{"key": "", "artist": "Roddy Ricch", "sample_rate": 44100, "file_extension": "mp3", "description": "Ha-ha-ha, I been movin' 'em out\nIf Steelo with me, then he got the blues in the pouch (yeah)\nTook her to the forrest, put wood in her mouth\nBitch don't wear no shoes in my house\nThe private I'm flyin' in, I never wanna fly again\nI'll take my chances in traffic (yeah)\nShe suckin' on dick, no hands with it\nI just made the Rollie plain like a landing-strip\nI'm a 2020 president candidate", "keywords": "", "duration": 18.442710000000005, "bpm": "117", "genre": "", "title": "The Box", "name": "The Box_Roddy Ricch_Verse 2_1", "instrument": "Vocals", "moods": []}