{"key": "", "artist": "Rico Love", "sample_rate": 44100, "file_extension": "mp3", "description": "That's why a nigga never treat'em fancy\nYou get urs off, in Bergdorf\nWhile they bargain shoppin on Delancy\nYou ain't even tell ya sister\nMama thinking you don't even like niggas\nInstagram, you don't even like pictures\nThat's why I'm fucking withcha", "keywords": "", "duration": 17.25648000000001, "bpm": "100", "genre": "", "title": "They Don't Know", "name": "They Don't Know_Rico Love_Verse 3_2", "instrument": "Vocals", "moods": []}