{"key": "", "artist": "Bobby Shmurda", "sample_rate": 44100, "file_extension": "mp3", "description": "I can't decide if I'ma cheat the bitch or I'ma leave the bitch  Looked at my watch and see you freezing, bitch  You know I'm stinking rich  I keep a job for every season, bitch   I'm out here tweaking, bitch  I keep a Glock and I'ma beat a bitch before I need a bitch to call the cops  And I never snitch , I push the pedal, bitch, before I'm not   And my lil' yellow bitch, she thick like Jell-O, bitch   She cost a lot  And I won't tell the bitch that I was selling it deep in the block   It's irrelevant I tried to tell the bitch before I shot    ", "keywords": "", "duration": 26.61523, "bpm": "156", "genre": "", "title": "They Don't Know", "name": "They Don't Know_Bobby Shmurda_Verse 1", "instrument": "Vocals", "moods": []}