{"key": "", "artist": "MO3", "sample_rate": 44100, "file_extension": "mp3", "description": "My partner told me that he loved a bitch\nI said, \"Say no more, she off limits\" (for real)\nBut he told mines that I'm cheating (huh?)\n'Cause he tryna fuck, he trippin' (what?)\nI'll never put dick in my partner bitch, God is my witness (on God)\nHe drug my name for the pussy (uh)\n'Posed to be my nigga (ha)\nHomicide on my phone line for investigation 'bout a killing (sir)\nI can't tell you who did it (nah)\nBut I can tell you I'm gettin' it (I'm gettin' it)\nBought an AP, matching Cuban link\nHunnid bands for them bitches (blaow)\nI was broke, but I fixed it, yeah\nSomething like Bob the Builder, y\u0435ah", "keywords": "", "duration": 28.83839, "bpm": "", "genre": "", "title": "Thought I Knew", "name": "Thought I Knew_MO3_Verse 1_1", "instrument": "Vocals", "moods": []}