{"key": "", "artist": "Tinashe", "sample_rate": 44100, "file_extension": "mp3", "description": "Mmm, In a G, I bust it down   Bust it open, I'ma take over her crown   Speed it up in that coupe, ain't slowing down   Passing up, ain't no fucking for the clout   I got sauce, bitch, I shine  I got millions on my mind  I'ma grind , grind  Yeah, this pussy do it right   ", "keywords": "", "duration": 22.609914999999994, "bpm": "150", "genre": "", "title": "Throw A Fit", "name": "Throw A Fit_Tinashe_Verse 2", "instrument": "Vocals", "moods": []}