{"key": "", "artist": "Blueface", "sample_rate": 44100, "file_extension": "mp3", "description": "Ayy, do your stuff, pick it up, drop it down to the ground  Round for round, pound for pound  Make it sound like this sound  Round of applause for the cause  Don't worry what it cost, Blueface, baby, I'm a boss  If I lost, take a loss  Get it back, got a crack  Lift that ass with a jack  Put a bitch on her back  That's a fact, I'ma mack  She gon' do it for a stack  Stack it up, stack it up, grey cup, do your stuff  Pussy wet like a tub  We gon' do it in the shower for a hour   ", "keywords": "", "duration": 21.906515, "bpm": "", "genre": "", "title": "TikTok", "name": "TikTok_Blueface_Verse 2", "instrument": "Vocals", "moods": []}