{"key": "", "artist": "Chloe x Halle", "sample_rate": 44100, "file_extension": "mp3", "description": "I've been crucified, darling  Ghosts haunt me like New Orleans  I've been charged with murder  Need someone topushme further    I'll hityou where it hurts, yeah  If youdon't put me first, yeah    And I don't give no apologies  Ifyoulosea life, that'snot on me,yeah   ", "keywords": "", "duration": 15.429755000000002, "bpm": "137", "genre": "", "title": "Tipsy", "name": "Tipsy_Chloe x Halle_Verse 1", "instrument": "Vocals", "moods": []}