{"key": "", "artist": "Aaryan Shah", "sample_rate": 44100, "file_extension": "mp3", "description": "I'm coming down, I swear I'm coming to my senses  All these girls just want to add to my expenses  I can't trust these bitches, can't give real addresses  If I let her stay the night I'm gone be stressing  Anything I want, she'll do it for attention  I get paranoid cause I'm her new obsession  I can't fuck her if I can't trust her intentions  Gotta let her go cause I don't make exceptions   ", "keywords": "", "duration": 24.658235, "bpm": "160", "genre": "", "title": "To the Ends", "name": "To the Ends_Aaryan Shah_Verse 2", "instrument": "Vocals", "moods": []}