{"key": "", "artist": "Beach Weather", "sample_rate": 44100, "file_extension": "mp3", "description": "I can feel the universe from my room  Pullin' me away when I needed you  Layin' in the dark, lettin' you in  Holdin' you close under my skin  Morrissey T-shirt, tell me how soon  Spinnin' in circles, singin' your tunes  In my head  In my head   ", "keywords": "", "duration": 19.817049999999988, "bpm": "92", "genre": "", "title": "Trouble With This Bed", "name": "Trouble With This Bed_Beach Weather_Bridge", "instrument": "Vocals", "moods": []}