{"key": "", "artist": "Molly Brazy", "sample_rate": 44100, "file_extension": "mp3", "description": "Fuck you talkin' bout bitch I'm in my own wave\nGive bitches fame by rapping my name\nBeen rapping for years and bitches still lame (Hahaha)\nThat ain't my problem, weak bitches gone be weak bitches\nSneak dissing, pistol whip a bitch now her teeth missing\nFree my brother the releaset nigga I ever knew", "keywords": "", "duration": 17.333959999999998, "bpm": "", "genre": "", "title": "Trust None", "name": "Trust None_Molly Brazy_Verse 1_2", "instrument": "Vocals", "moods": []}