{"key": "", "artist": "DeJ Loaf", "sample_rate": 44100, "file_extension": "mp3", "description": "  Bitch I got the Tommy no Hilfiger  Lil Dej ain't bout it, bitch how you figure      I don't do no drugs, I be off liquor      So lifted, flyer than yo girl, baby gone and take my picture      See I gotta get this money, my palms itchin'      Niggas gossip like hoes, most of 'em bitches  I don't wanna do no songs, I don't wanna kick it      And I ain't signin' to no label, bitch I'm independent     ", "keywords": "", "duration": 22.771369999999994, "bpm": "170", "genre": "", "title": "Try Me", "name": "Try Me_DeJ Loaf_Verse 2", "instrument": "Vocals", "moods": []}