{"key": "", "artist": "Kodak Black", "sample_rate": 44100, "file_extension": "mp3", "description": "  I jumped up out the Wraith, Kodak bought a Wraith      I get any girl I want, any girl I want      She want me to save the day, but I ain't got a cape  She wanna see me every day, she wanna be my bae      That money make me cum, it make me fornicate, uh      I'm the shit, I need some toilet paper    Follow my player rules, then we gon' be okay    On the real, I need a bih' who gon' cooperate   ", "keywords": "", "duration": 22.184270000000005, "bpm": "", "genre": "", "title": "Tunnel Vision", "name": "Tunnel Vision_Kodak Black_Verse 1", "instrument": "Vocals", "moods": []}