{"key": "", "artist": "Maude Latour", "sample_rate": 44100, "file_extension": "mp3", "description": "Babe, I know love is a rollercoaster  But every time we fight it just brings me closer  Move into your room so I hang a poster  And I know I haven't always been an angel    But you can trust me 'cause I'm gonna be faithful  Holding your hands underneath the table     ", "keywords": "", "duration": 15.261515, "bpm": "", "genre": "", "title": "Twin Flame", "name": "Twin Flame_Maude Latour_Verse 1", "instrument": "Vocals", "moods": []}