{"key": "", "artist": "Tate McRae", "sample_rate": 44100, "file_extension": "mp3", "description": "Feel your eyes watchin' me  So I'm movin' on him just so you can see  Told you I was gonna get you right back   Oh, you don't really like that?   I'm lost again  when you walk away   You know if you leave, I ain't gonna stay   When I'm doin' good, you get me off track   And I guess I kinda like that    ", "keywords": "", "duration": 23.097279999999998, "bpm": "", "genre": "", "title": "uh oh", "name": "uh oh_Tate McRae_Verse 1", "instrument": "Vocals", "moods": []}