{"key": "", "artist": "Denzel Curry", "sample_rate": 44100, "file_extension": "mp3", "description": "Out of South Florida, call the coroner\nKilled in the corridor, I'm the overlord\nRhymes like a sorcerer, I'm an animorph\nBitch, I'm a beast (Beast)\nNigga, you tell me who fucking with me (Me)\nK to the I to the N to the G (G)\nClaim you the hottest, but I disagree (Gree)\nBetter learn something and get a degree (Gree)\nThis for Lord Infamous so R.I.P (P)\nArrivederci, bitches looking thirsty\nRiding through the dirty, like it's mandatory", "keywords": "", "duration": 23.226264999999984, "bpm": "", "genre": "", "title": "Ultimate", "name": "Ultimate_Denzel Curry_Verse 2_2", "instrument": "Vocals", "moods": []}