{"key": "", "artist": "Greyson Chance", "sample_rate": 44100, "file_extension": "mp3", "description": "I really thought you were the one  It was over before it begun  It's so hard for me to walk away  But I know I can't stay    You're beautiful and crazy too  Maybe that's why I fell into you  Even though you would pretend to be  You were never with me   ", "keywords": "", "duration": 27.95799, "bpm": "", "genre": "", "title": "Unfriend You", "name": "Unfriend You_Greyson Chance_Verse 1", "instrument": "Vocals", "moods": []}