{"key": "", "artist": "Eli Sostre", "sample_rate": 44100, "file_extension": "mp3", "description": "I only trip when I'm drunk, all this liquor I'm on\nDon't care what I need but always get what you want\nI know you hate it at home so you come over to see me\nThat nigga be stalking you, he ain't got shit to offer you\nAnd you know that, that's how I feel I can't control that", "keywords": "", "duration": 23.78839, "bpm": "136", "genre": "", "title": "Vibe With", "name": "Vibe With_Eli Sostre_Verse 2_1", "instrument": "Vocals", "moods": []}