{"key": "", "artist": "Halsey", "sample_rate": 44100, "file_extension": "mp3", "description": "  Been about two weeks since you went away  I'm about halfway through a Cabernet  There I go, I'm wastin' a Saturday, sittin' at ho-home      Told my new roommate not to let you in  But you're so damn good with a bobby pin      Now you gon' play me like a violin, hittin' these notes   ", "keywords": "", "duration": 20.25085, "bpm": "", "genre": "", "title": "Walls Could Talk", "name": "Walls Could Talk_Halsey_Verse 2", "instrument": "Vocals", "moods": []}