{"key": "", "artist": "Raleigh Ritchie", "sample_rate": 44100, "file_extension": "mp3", "description": "I wanna live forever, I wanna be your friend  I wanna rule together, I wanna be your pet  I wanna make some money, money, money  I wanna waste some time  I wanna be your buddy, but honey  This world is mine  This world is mine   ", "keywords": "", "duration": 27.75036499999999, "bpm": "", "genre": "", "title": "Werld is Mine", "name": "Werld is Mine_Raleigh Ritchie_Chorus", "instrument": "Vocals", "moods": []}