{"key": "", "artist": "Why Don't We", "sample_rate": 44100, "file_extension": "mp3", "description": "I met her on a Monday evening  She was standing outside of the park and ride  AndIsaid, \"Hey ma,where you been?\"  \"Been looking for awoman like you for all my life\"  And she said, \"Hola, talk to me, before I have to leave\"  And one day we could be  Maybe more than two lost souls just passing by   ", "keywords": "", "duration": 24.735169999999997, "bpm": "164", "genre": "", "title": "What Am I", "name": "What Am I_Why Don't We_Verse 1", "instrument": "Vocals", "moods": []}