{"key": "", "artist": "Vince Staples", "sample_rate": 44100, "file_extension": "mp3", "description": "She said, \"Baby, keep me closely, love it when you hold me\"\nKnow that I'm a real one, I don't do no ghostin'\nI know that you love me, you don't gotta show me\nOff to the world, please, hide me from the police\nEverywhere you go, we together, inseparable\nYou know I'm down for whatever, protective of you\nI don't wanna use protection with you\nBut the glove'll keep you safe if you ever get loose\nNever put you in a jam, hold whatever for you", "keywords": "", "duration": 27.324455, "bpm": "162", "genre": "", "title": "WHEN SPARKS FLY", "name": "WHEN SPARKS FLY_Vince Staples_Verse 1_1", "instrument": "Vocals", "moods": []}