{"key": "", "artist": "Shy Glizzy", "sample_rate": 44100, "file_extension": "mp3", "description": "You no fool, you know that the Glizzy Gang will shoot you (bang, bang)\nWe're not backin' down, we not run from shit but woo-woo (oh)\nCocaine, that's my bitch (yeah), ooh, she made me rich (yeah)\nI wanna be like rich, these niggas wanna be like Mitch\nIn the kitchen, whip my cook, go white, go white, go whip (whip)", "keywords": "", "duration": 22.476174999999987, "bpm": "130", "genre": "", "title": "White Girl", "name": "White Girl_Shy Glizzy_Verse 1_2", "instrument": "Vocals", "moods": []}