{"key": "", "artist": "Smino", "sample_rate": 44100, "file_extension": "mp3", "description": "It ain't no Backwoods on this side of town\nWanna ride with me to get some more?\nPick a couple of Wild Irish Roses\nYou lookin' mmm-mmm-mmm delectable\nMade arrangements for that edible\nDouble booked if it's cool, your friend can roll through", "keywords": "", "duration": 21.719379999999997, "bpm": "87", "genre": "", "title": "Wild Irish Roses", "name": "Wild Irish Roses_Smino_Chorus_1", "instrument": "Vocals", "moods": []}