{"key": "", "artist": "Denzel Curry", "sample_rate": 44100, "file_extension": "mp3", "description": "Ridin' high, Chevy Impala\nIf I make that bitch an inch taller, then I upgrade to a Skywalker\nRap elite, I'm top tier\nKill the game, then drop tears\nGassed up, I'm Scarecrow, I reveal your worst fears\nNiggas work hard 'til they on Star Island\nBut I won't stop 'til I own Star Island\nMoney stack up and the jets keep pilin'\nDrop-top windshield, Audi 5000", "keywords": "", "duration": 24.438384999999993, "bpm": "", "genre": "", "title": "X-Wing", "name": "X-Wing_Denzel Curry_Verse 2_2", "instrument": "Vocals", "moods": []}