{"key": "", "artist": "Lil Uzi Vert", "sample_rate": 44100, "file_extension": "mp3", "description": "  I don't really care if you cry  On the real, you should've never lied  Saw the way she looked me in my eyes      She said, \"I am not afraid to die\"   All my friends are dead  Push me to the edge   All my friends are dead, yeah, ooh  Push me to the edge  All my friends are dead, yeah  All my friends are dead, yeah     ", "keywords": "", "duration": 24.01858, "bpm": "", "genre": "", "title": "XO Tour Llif3", "name": "XO Tour Llif3_Lil Uzi Vert_Chorus", "instrument": "Vocals", "moods": []}