{"key": "", "artist": "Young Nudy", "sample_rate": 44100, "file_extension": "mp3", "description": "Ooh, look what the molly make yo bitch do\nLook what the drank make yo bitch do\nLook what the weed make yo bitch do\nFuck it, look what the perc make Yung Nudy do, yeah, yeah\nBeat yo bitch back down\nI'ma give yo hoe the mack down\nWWE smack down, yeah, I'm talking raw nigga\nBeat yo bitch raw, nigga, yeah, all in her jaws, nigga", "keywords": "", "duration": 23.895169999999997, "bpm": "140", "genre": "", "title": "Yeah Yeah", "name": "Yeah Yeah_Young Nudy_Verse 1_1", "instrument": "Vocals", "moods": []}