{"key": "", "artist": "Tate McRae", "sample_rate": 44100, "file_extension": "mp3", "description": "  Maybe you don't like talking too much about yourself  But you shoulda toldmethat you werethinking 'bout someone else      You're drunk ata party or maybe it's just that your car broke down      Your phone's been off for a couple of months, so you're calling me now     ", "keywords": "", "duration": 16.847085, "bpm": "", "genre": "", "title": "you broke me first", "name": "you broke me first_Tate McRae_Verse 1", "instrument": "Vocals", "moods": []}