{"key": "", "artist": "SiR", "sample_rate": 44100, "file_extension": "mp3", "description": "'Cause you're a good girl, I knew you were a good girl\nIt's all I ever fall for, the kind I lose it all for\nYes, I was in the wrong place at the wrong time with the right one\nNow you think you're tryna help\nBut you can't save me from myself, ooh", "keywords": "", "duration": 34.42523, "bpm": "158", "genre": "", "title": "You Can't Save Me", "name": "You Can't Save Me_SiR_Chorus_1", "instrument": "Vocals", "moods": []}