{"key": "", "artist": "b\u00fclow", "sample_rate": 44100, "file_extension": "mp3", "description": "Listen, no, we don't need to be enemies  Ain't got tunnel vision  Vision of us in the future with a  White picket fence and eternal decisions  I almost did it, glad that I didn't    Space cakes and a Big Mac      Got my space case but I'm sure that  All my friends fake 'cause they told me that      Shit wasn't real, it was all in my head, I imagined that  False sparks    Saw them hand-in-hand standing outside of a Wal-Mart  Now I'm sitting here wondering, when did this all start?   ", "keywords": "", "duration": 29.845860000000002, "bpm": "", "genre": "", "title": "You & Jennifer", "name": "You & Jennifer_b\u00fclow_Verse 1", "instrument": "Vocals", "moods": []}