{"key": "", "artist": "Roy Woods", "sample_rate": 44100, "file_extension": "mp3", "description": "Girl, you free up my mind\nIt's been a while since a shorty heard me out\nOnly thing that make me smile is my daughter now\nOnly thing that piss me off is the run around\nMe and you both got some stress, we should let out on each other\nWe can do it all undercover in the suburbs\nGirl, I supposed to been fly out last summer\nBut I was over working all year\nI know that your body's all mine, all mine", "keywords": "", "duration": 27.53538500000001, "bpm": "160", "genre": "", "title": "Young Boy Problems", "name": "Young Boy Problems_Roy Woods_Verse 2_1", "instrument": "Vocals", "moods": []}