{"key": "", "artist": "Ja\u00a5en X District", "sample_rate": 44100, "file_extension": "mp3", "description": "I couldn't hear a single sound inside the silence\nYou say your words through all your chords behind your violin\nI couldn't see no colour only black and white\nThe best thing that had happened was the day you lied\nIn April\nIn April", "keywords": "", "duration": 28.05417999999999, "bpm": "", "genre": "", "title": "Your Lie", "name": "Your Lie_Ja\u00a5en X District_Chorus_1", "instrument": "Vocals", "moods": []}